sector_id,year,dva
A,1995,12872.601
A,1996,14507.307
A,1997,12053.906
A,1998,10303.243
A,1999,9732.752
A,2000,9279.274
A,2001,8844.774
A,2002,9947.338
A,2003,12125.478
A,2004,13561.759
A,2005,14703.105
A,2006,17540.273
A,2007,20697.317
A,2008,24692.492
A,2009,23171.97
A,2010,29968.908
A,2011,36250.499
A,2012,38253.427
A,2013,39651.424
A,2014,34696.817
A,2015,30313.883
A,2016,29984.518
A,2017,33054.798
A,2018,35858.97
A,2019,38321.079
A,2020,38061.365
A,2021,38350.022
A,2022,37381.955
A01,1995,9755.93
A01,1996,11230.769
A01,1997,9229.829
A01,1998,7912.532
A01,1999,7218.756
A01,2000,6620.97
A01,2001,6588.558
A01,2002,7683.293
A01,2003,9757.438
A01,2004,11148.384
A01,2005,12301.851
A01,2006,14940.401
A01,2007,18072.032
A01,2008,22005.885
A01,2009,20447.723
A01,2010,27008.432
A01,2011,32896.349
A01,2012,34866.185
A01,2013,36513.132
A01,2014,31469.365
A01,2015,27363.502
A01,2016,26954.941
A01,2017,29865.933
A01,2018,32346.533
A01,2019,34604.056
A01,2020,34254.383
A01,2021,34469.416
A01,2022,33606.101
A01_02,1995,10057.928
A01_02,1996,11549.744
A01_02,1997,9461.38
A01_02,1998,8074.664
A01_02,1999,7381.484
A01_02,2000,6774.672
A01_02,2001,6724.231
A01_02,2002,7818.769
A01_02,2003,9895.682
A01_02,2004,11292.163
A01_02,2005,12468.401
A01_02,2006,15133.385
A01_02,2007,18284.109
A01_02,2008,22221.847
A01_02,2009,20652.293
A01_02,2010,27245.446
A01_02,2011,33164.041
A01_02,2012,35154.598
A01_02,2013,36794.818
A01_02,2014,31773.529
A01_02,2015,27655.739
A01_02,2016,27268.403
A01_02,2017,30176.397
A01_02,2018,32683.702
A01_02,2019,34950.962
A01_02,2020,34606.125
A01_02,2021,34833.182
A01_02,2022,33943.756
A02,1995,301.998
A02,1996,318.975
A02,1997,231.551
A02,1998,162.133
A02,1999,162.728
A02,2000,153.702
A02,2001,135.673
A02,2002,135.476
A02,2003,138.244
A02,2004,143.779
A02,2005,166.55
A02,2006,192.984
A02,2007,212.077
A02,2008,215.961
A02,2009,204.571
A02,2010,237.013
A02,2011,267.691
A02,2012,288.413
A02,2013,281.685
A02,2014,304.164
A02,2015,292.238
A02,2016,313.462
A02,2017,310.464
A02,2018,337.168
A02,2019,346.907
A02,2020,351.742
A02,2021,363.766
A02,2022,337.655
A03,1995,2814.673
A03,1996,2957.563
A03,1997,2592.526
A03,1998,2228.579
A03,1999,2351.268
A03,2000,2504.602
A03,2001,2120.543
A03,2002,2128.57
A03,2003,2229.796
A03,2004,2269.596
A03,2005,2234.704
A03,2006,2406.888
A03,2007,2413.208
A03,2008,2470.645
A03,2009,2519.677
A03,2010,2723.463
A03,2011,3086.458
A03,2012,3098.829
A03,2013,2856.606
A03,2014,2923.288
A03,2015,2658.144
A03,2016,2716.115
A03,2017,2878.401
A03,2018,3175.269
A03,2019,3370.117
A03,2020,3455.24
A03,2021,3516.84
A03,2022,3438.199
B,1995,3163.6
B,1996,3383.834
B,1997,3207.233
B,1998,2413.227
B,1999,2637.653
B,2000,3067.693
B,2001,2886.711
B,2002,3157.236
B,2003,3672.415
B,2004,4252.248
B,2005,5264.616
B,2006,6490.008
B,2007,7696.419
B,2008,9230.758
B,2009,8809.827
B,2010,10635.98
B,2011,12355.16
B,2012,14267.916
B,2013,14832.656
B,2014,14225.562
B,2015,12152.987
B,2016,11230.18
B,2017,11625.159
B,2018,13177.573
B,2019,13708.885
B,2020,11232.25
B,2021,11871.812
B,2022,11597.493
B05,1995,241.277
B05,1996,253.869
B05,1997,266.023
B05,1998,168.329
B05,1999,166.112
B05,2000,143.728
B05,2001,142.293
B05,2002,147.357
B05,2003,143.567
B05,2004,149.443
B05,2005,147.218
B05,2006,146.182
B05,2007,156.522
B05,2008,136.5
B05,2009,299.982
B05,2010,363.168
B05,2011,425.374
B05,2012,355.166
B05,2013,361.13
B05,2014,342.207
B05,2015,282.804
B05,2016,303.494
B05,2017,316.901
B05,2018,332.979
B05,2019,317.454
B05,2020,305.267
B05,2021,299.481
B05,2022,267.656
B05_06,1995,1344.938
B05_06,1996,1406.804
B05_06,1997,1636.44
B05_06,1998,1383.251
B05_06,1999,1523.938
B05_06,2000,2066.643
B05_06,2001,2027.353
B05_06,2002,2189.285
B05_06,2003,2605.197
B05_06,2004,3024.808
B05_06,2005,3946.379
B05_06,2006,4976.313
B05_06,2007,5934.955
B05_06,2008,7268.789
B05_06,2009,6816.355
B05_06,2010,8384.797
B05_06,2011,9702.822
B05_06,2012,11503.46
B05_06,2013,11959.315
B05_06,2014,11405.479
B05_06,2015,9102.096
B05_06,2016,7781.798
B05_06,2017,7980.291
B05_06,2018,9270.432
B05_06,2019,9504.929
B05_06,2020,7287.867
B05_06,2021,7808.886
B05_06,2022,7742.222
B06,1995,1103.661
B06,1996,1152.935
B06,1997,1370.417
B06,1998,1214.922
B06,1999,1357.826
B06,2000,1922.915
B06,2001,1885.06
B06,2002,2041.928
B06,2003,2461.63
B06,2004,2875.366
B06,2005,3799.161
B06,2006,4830.131
B06,2007,5778.433
B06,2008,7132.289
B06,2009,6516.373
B06,2010,8021.629
B06,2011,9277.449
B06,2012,11148.294
B06,2013,11598.185
B06,2014,11063.272
B06,2015,8819.292
B06,2016,7478.304
B06,2017,7663.39
B06,2018,8937.454
B06,2019,9187.474
B06,2020,6982.6
B06,2021,7509.405
B06,2022,7474.566
B07,1995,31.417
B07,1996,35.623
B07,1997,29.332
B07,1998,22.842
B07,1999,24.867
B07,2000,24.488
B07,2001,23.611
B07,2002,26.213
B07,2003,29.586
B07,2004,33.725
B07,2005,35.171
B07,2006,38.041
B07,2007,45.082
B07,2008,50.219
B07,2009,48.544
B07,2010,56.826
B07,2011,54.41
B07,2012,57.809
B07,2013,61.022
B07,2014,60.053
B07,2015,58.301
B07,2016,61.483
B07,2017,68.081
B07,2018,75.616
B07,2019,80.96
B07,2020,74.724
B07,2021,75.168
B07,2022,73.023
B07_08,1995,836.516
B07_08,1996,887.885
B07_08,1997,730.903
B07_08,1998,551.186
B07_08,1999,602.91
B07_08,2000,561.479
B07_08,2001,444.304
B07_08,2002,493.675
B07_08,2003,556.43
B07_08,2004,634.063
B07_08,2005,682.295
B07_08,2006,784.292
B07_08,2007,935.125
B07_08,2008,1045.768
B07_08,2009,1007.227
B07_08,2010,1197.037
B07_08,2011,1420.09
B07_08,2012,1511.334
B07_08,2013,1595.662
B07_08,2014,1573.688
B07_08,2015,1628.296
B07_08,2016,1701.282
B07_08,2017,1887.111
B07_08,2018,2095.998
B07_08,2019,2243.813
B07_08,2020,2088.31
B07_08,2021,2094.473
B07_08,2022,2031.645
B08,1995,805.099
B08,1996,852.262
B08,1997,701.571
B08,1998,528.344
B08,1999,578.043
B08,2000,536.992
B08,2001,420.693
B08,2002,467.462
B08,2003,526.844
B08,2004,600.339
B08,2005,647.124
B08,2006,746.251
B08,2007,890.043
B08,2008,995.549
B08,2009,958.683
B08,2010,1140.211
B08,2011,1365.681
B08,2012,1453.525
B08,2013,1534.64
B08,2014,1513.635
B08,2015,1569.995
B08,2016,1639.799
B08,2017,1819.029
B08,2018,2020.382
B08,2019,2162.853
B08,2020,2013.586
B08,2021,2019.305
B08,2022,1958.622
B09,1995,982.145
B09,1996,1089.146
B09,1997,839.889
B09,1998,478.789
B09,1999,510.805
B09,2000,439.571
B09,2001,415.055
B09,2002,474.276
B09,2003,510.788
B09,2004,593.376
B09,2005,635.941
B09,2006,729.402
B09,2007,826.338
B09,2008,916.201
B09,2009,986.245
B09,2010,1054.146
B09,2011,1232.247
B09,2012,1253.121
B09,2013,1277.679
B09,2014,1246.395
B09,2015,1422.594
B09,2016,1747.1
B09,2017,1757.757
B09,2018,1811.143
B09,2019,1960.144
B09,2020,1856.073
B09,2021,1968.453
B09,2022,1823.626
BTE,1995,46171.12
BTE,1996,52478.488
BTE,1997,46210.753
BTE,1998,36707.643
BTE,1999,40775.299
BTE,2000,40326.674
BTE,2001,37849.901
BTE,2002,42226.66
BTE,2003,48771.287
BTE,2004,54468.412
BTE,2005,60199.078
BTE,2006,72068.925
BTE,2007,86371.413
BTE,2008,96007.46
BTE,2009,91290.269
BTE,2010,113321.745
BTE,2011,119480.609
BTE,2012,125534.712
BTE,2013,131269.239
BTE,2014,127684.438
BTE,2015,123881.169
BTE,2016,125941.539
BTE,2017,138157.878
BTE,2018,153043.215
BTE,2019,160018.213
BTE,2020,146335.212
BTE,2021,154446.23
BTE,2022,152256.927
C,1995,39488.217
C,1996,45403.446
C,1997,39642.036
C,1998,31245.939
C,1999,35115.101
C,2000,34084.684
C,2001,31696.691
C,2002,35542.003
C,2003,41144.548
C,2004,45690.6
C,2005,50166.465
C,2006,60178.755
C,2007,72509.093
C,2008,79975.682
C,2009,75519.114
C,2010,94561.308
C,2011,98557.105
C,2012,102227.199
C,2013,106635.07
C,2014,103524.543
C,2015,101439.519
C,2016,104246.873
C,2017,114868.839
C,2018,126840.897
C,2019,131907.163
C,2020,122081.487
C,2021,129432.081
C,2022,126300.312
C10T12,1995,7292.366
C10T12,1996,9107.695
C10T12,1997,8425.323
C10T12,1998,7159.854
C10T12,1999,8355.99
C10T12,2000,6837.158
C10T12,2001,6501.322
C10T12,2002,7345.832
C10T12,2003,8744.952
C10T12,2004,9419.883
C10T12,2005,9412.44
C10T12,2006,11791.405
C10T12,2007,13526.555
C10T12,2008,15606.792
C10T12,2009,16361.294
C10T12,2010,19665.097
C10T12,2011,22444.816
C10T12,2012,21964.378
C10T12,2013,22900.986
C10T12,2014,22333.509
C10T12,2015,21815.667
C10T12,2016,22926.464
C10T12,2017,23738.364
C10T12,2018,25460.902
C10T12,2019,26959.999
C10T12,2020,26616.134
C10T12,2021,27682.666
C10T12,2022,26651.593
C13T15,1995,6961.513
C13T15,1996,7300.451
C13T15,1997,6240.248
C13T15,1998,4716.288
C13T15,1999,5370.22
C13T15,2000,5450.209
C13T15,2001,5073.625
C13T15,2002,5329.977
C13T15,2003,5641.244
C13T15,2004,6167.749
C13T15,2005,6316.254
C13T15,2006,6745.317
C13T15,2007,6964.692
C13T15,2008,7255.615
C13T15,2009,6271.241
C13T15,2010,7874.082
C13T15,2011,7559.691
C13T15,2012,7085.081
C13T15,2013,7294.384
C13T15,2014,7096.407
C13T15,2015,6703.337
C13T15,2016,6591.242
C13T15,2017,7161.865
C13T15,2018,7752.799
C13T15,2019,8005.049
C13T15,2020,6739.07
C13T15,2021,6378.872
C13T15,2022,6240.923
C16,1995,670.0
C16,1996,667.88
C16,1997,500.805
C16,1998,324.03
C16,1999,353.588
C16,2000,382.286
C16,2001,375.884
C16,2002,413.65
C16,2003,450.569
C16,2004,528.756
C16,2005,531.978
C16,2006,607.913
C16,2007,780.174
C16,2008,775.371
C16,2009,738.191
C16,2010,868.052
C16,2011,1045.623
C16,2012,1069.669
C16,2013,1121.196
C16,2014,1171.263
C16,2015,1098.654
C16,2016,1199.653
C16,2017,1268.636
C16,2018,1313.963
C16,2019,1406.889
C16,2020,1463.976
C16,2021,1549.354
C16,2022,1548.695
C16T18,1995,1443.931
C16T18,1996,1696.463
C16T18,1997,1452.623
C16T18,1998,1181.212
C16T18,1999,1322.149
C16T18,2000,1306.0
C16T18,2001,1259.035
C16T18,2002,1392.498
C16T18,2003,1519.633
C16T18,2004,1649.41
C16T18,2005,1711.265
C16T18,2006,1987.893
C16T18,2007,2364.525
C16T18,2008,2407.506
C16T18,2009,2264.832
C16T18,2010,2647.758
C16T18,2011,2943.841
C16T18,2012,2985.71
C16T18,2013,3014.139
C16T18,2014,3000.623
C16T18,2015,2789.979
C16T18,2016,2943.57
C16T18,2017,3158.133
C16T18,2018,3400.037
C16T18,2019,3550.731
C16T18,2020,3564.263
C16T18,2021,3730.853
C16T18,2022,3529.431
C17_18,1995,773.931
C17_18,1996,1028.583
C17_18,1997,951.818
C17_18,1998,857.182
C17_18,1999,968.561
C17_18,2000,923.715
C17_18,2001,883.152
C17_18,2002,978.849
C17_18,2003,1069.064
C17_18,2004,1120.653
C17_18,2005,1179.287
C17_18,2006,1379.98
C17_18,2007,1584.351
C17_18,2008,1632.136
C17_18,2009,1526.641
C17_18,2010,1779.706
C17_18,2011,1898.218
C17_18,2012,1916.04
C17_18,2013,1892.943
C17_18,2014,1829.359
C17_18,2015,1691.325
C17_18,2016,1743.917
C17_18,2017,1889.496
C17_18,2018,2086.074
C17_18,2019,2143.843
C17_18,2020,2100.288
C17_18,2021,2181.5
C17_18,2022,1980.737
C19,1995,2560.225
C19,1996,3184.14
C19,1997,3286.685
C19,1998,2809.182
C19,1999,2631.838
C19,2000,2450.926
C19,2001,2342.639
C19,2002,2409.786
C19,2003,2552.461
C19,2004,1792.918
C19,2005,2643.222
C19,2006,3983.996
C19,2007,5674.629
C19,2008,4853.16
C19,2009,4956.965
C19,2010,6494.184
C19,2011,5475.666
C19,2012,5741.605
C19,2013,6620.905
C19,2014,7250.537
C19,2015,8326.685
C19,2016,9640.014
C19,2017,11215.683
C19,2018,13280.056
C19,2019,13730.26
C19,2020,10669.668
C19,2021,12574.923
C19,2022,15259.172
C19T23,1995,9069.527
C19T23,1996,10241.929
C19T23,1997,9441.654
C19T23,1998,7394.166
C19T23,1999,7822.656
C19T23,2000,8060.452
C19T23,2001,7756.765
C19T23,2002,8546.795
C19T23,2003,9929.845
C19T23,2004,10931.468
C19T23,2005,13047.984
C19T23,2006,16064.931
C19T23,2007,19925.077
C19T23,2008,20570.462
C19T23,2009,18900.803
C19T23,2010,24364.194
C19T23,2011,25629.186
C19T23,2012,26640.414
C19T23,2013,28472.01
C19T23,2014,28438.447
C19T23,2015,29330.343
C19T23,2016,30970.465
C19T23,2017,35499.865
C19T23,2018,39729.32
C19T23,2019,40628.185
C19T23,2020,35728.262
C19T23,2021,39692.645
C19T23,2022,41228.932
C20,1995,1828.317
C20,1996,2037.999
C20,1997,1944.146
C20,1998,1609.751
C20,1999,1784.3
C20,2000,2140.323
C20,2001,1913.029
C20,2002,2040.473
C20,2003,2423.724
C20,2004,3220.493
C20,2005,3986.134
C20,2006,4464.795
C20,2007,5557.649
C20,2008,6114.653
C20,2009,5516.804
C20,2010,7277.286
C20,2011,8070.968
C20,2012,8371.46
C20,2013,8819.248
C20,2014,8867.471
C20,2015,9027.532
C20,2016,8880.299
C20,2017,10127.698
C20,2018,11776.058
C20,2019,11635.046
C20,2020,10511.762
C20,2021,12060.808
C20,2022,11493.814
C20_21,1995,2243.385
C20_21,1996,2469.295
C20_21,1997,2321.726
C20_21,1998,1873.017
C20_21,1999,2086.554
C20_21,2000,2464.832
C20_21,2001,2280.511
C20_21,2002,2448.682
C20_21,2003,2863.301
C20_21,2004,3736.392
C20_21,2005,4556.768
C20_21,2006,5065.808
C20_21,2007,6211.089
C20_21,2008,6785.969
C20_21,2009,6158.578
C20_21,2010,7950.245
C20_21,2011,8856.411
C20_21,2012,9215.628
C20_21,2013,9779.388
C20_21,2014,9824.075
C20_21,2015,9981.564
C20_21,2016,9888.622
C20_21,2017,11250.555
C20_21,2018,13083.023
C20_21,2019,13108.67
C20_21,2020,12101.109
C20_21,2021,13680.664
C20_21,2022,13134.972
C21,1995,415.068
C21,1996,431.296
C21,1997,377.58
C21,1998,263.267
C21,1999,302.254
C21,2000,324.509
C21,2001,367.482
C21,2002,408.209
C21,2003,439.577
C21,2004,515.898
C21,2005,570.634
C21,2006,601.013
C21,2007,653.44
C21,2008,671.316
C21,2009,641.774
C21,2010,672.959
C21,2011,785.443
C21,2012,844.168
C21,2013,960.141
C21,2014,956.604
C21,2015,954.032
C21,2016,1008.323
C21,2017,1122.857
C21,2018,1306.965
C21,2019,1473.624
C21,2020,1589.347
C21,2021,1619.856
C21,2022,1641.158
C22,1995,1671.072
C22,1996,2020.984
C22,1997,1803.524
C22,1998,1402.768
C22,1999,1568.568
C22,2000,1625.867
C22,2001,1612.574
C22,2002,1966.287
C22,2003,2488.072
C22,2004,3040.201
C22,2005,3304.162
C22,2006,4161.056
C22,2007,4901.0
C22,2008,5531.275
C22,2009,4583.666
C22,2010,6055.62
C22,2011,7129.428
C22,2012,7324.604
C22,2013,7448.625
C22,2014,6947.84
C22,2015,6771.188
C22,2016,7319.687
C22,2017,8794.828
C22,2018,8647.286
C22,2019,8675.329
C22,2020,8136.358
C22,2021,8571.66
C22,2022,8116.195
C23,1995,2594.844
C23,1996,2567.509
C23,1997,2029.72
C23,1998,1309.199
C23,1999,1535.696
C23,2000,1518.827
C23,2001,1521.041
C23,2002,1722.04
C23,2003,2026.011
C23,2004,2361.956
C23,2005,2543.831
C23,2006,2854.071
C23,2007,3138.359
C23,2008,3400.058
C23,2009,3201.593
C23,2010,3864.144
C23,2011,4167.682
C23,2012,4358.577
C23,2013,4623.092
C23,2014,4415.995
C23,2015,4250.905
C23,2016,4122.142
C23,2017,4238.799
C23,2018,4718.955
C23,2019,5113.927
C23,2020,4821.127
C23,2021,4865.398
C23,2022,4718.594
C24,1995,1270.246
C24,1996,1415.9
C24,1997,1050.53
C24,1998,946.553
C24,1999,1014.463
C24,2000,983.052
C24,2001,953.76
C24,2002,1059.39
C24,2003,1196.883
C24,2004,1311.654
C24,2005,1380.753
C24,2006,1606.525
C24,2007,1906.735
C24,2008,1973.452
C24,2009,2000.746
C24,2010,2292.705
C24,2011,2371.754
C24,2012,2485.836
C24,2013,2603.403
C24,2014,2514.793
C24,2015,2536.009
C24,2016,2560.991
C24,2017,2821.151
C24,2018,3253.456
C24,2019,3530.564
C24,2020,3355.055
C24,2021,3219.649
C24,2022,3133.898
C241_2431,1995,838.948
C241_2431,1996,945.724
C241_2431,1997,607.523
C241_2431,1998,618.962
C241_2431,1999,686.101
C241_2431,2000,663.469
C241_2431,2001,632.759
C241_2431,2002,686.985
C241_2431,2003,776.743
C241_2431,2004,895.071
C241_2431,2005,978.148
C241_2431,2006,1155.615
C241_2431,2007,1374.878
C241_2431,2008,1295.093
C241_2431,2009,1235.998
C241_2431,2010,1388.002
C241_2431,2011,1504.898
C241_2431,2012,1643.931
C241_2431,2013,1750.96
C241_2431,2014,1637.203
C241_2431,2015,1611.475
C241_2431,2016,1634.059
C241_2431,2017,1817.8
C241_2431,2018,2115.757
C241_2431,2019,2244.652
C241_2431,2020,2073.834
C241_2431,2021,2037.31
C241_2431,2022,1987.726
C242_2432,1995,431.298
C242_2432,1996,470.176
C242_2432,1997,443.007
C242_2432,1998,327.59
C242_2432,1999,328.362
C242_2432,2000,319.583
C242_2432,2001,321.001
C242_2432,2002,372.405
C242_2432,2003,420.14
C242_2432,2004,416.583
C242_2432,2005,402.605
C242_2432,2006,450.91
C242_2432,2007,531.857
C242_2432,2008,678.359
C242_2432,2009,764.748
C242_2432,2010,904.702
C242_2432,2011,866.857
C242_2432,2012,841.906
C242_2432,2013,852.443
C242_2432,2014,877.59
C242_2432,2015,924.534
C242_2432,2016,926.933
C242_2432,2017,1003.352
C242_2432,2018,1137.698
C242_2432,2019,1285.912
C242_2432,2020,1281.221
C242_2432,2021,1182.339
C242_2432,2022,1146.172
C24_25,1995,2627.903
C24_25,1996,3058.898
C24_25,1997,2471.987
C24_25,1998,2029.902
C24_25,1999,2309.549
C24_25,2000,2230.99
C24_25,2001,2129.049
C24_25,2002,2366.835
C24_25,2003,2663.72
C24_25,2004,3115.259
C24_25,2005,3233.672
C24_25,2006,3758.839
C24_25,2007,4433.727
C24_25,2008,4773.254
C24_25,2009,4248.602
C24_25,2010,5063.239
C24_25,2011,5352.849
C24_25,2012,5568.589
C24_25,2013,5708.284
C24_25,2014,5565.5
C24_25,2015,5543.347
C24_25,2016,5721.205
C24_25,2017,6354.135
C24_25,2018,7220.519
C24_25,2019,7729.218
C24_25,2020,7436.68
C24_25,2021,7407.186
C24_25,2022,7066.078
C25,1995,1357.657
C25,1996,1642.998
C25,1997,1421.457
C25,1998,1083.349
C25,1999,1295.085
C25,2000,1247.938
C25,2001,1175.289
C25,2002,1307.445
C25,2003,1466.837
C25,2004,1803.605
C25,2005,1852.919
C25,2006,2152.314
C25,2007,2526.992
C25,2008,2799.802
C25,2009,2247.857
C25,2010,2770.535
C25,2011,2981.095
C25,2012,3082.752
C25,2013,3104.881
C25,2014,3050.707
C25,2015,3007.338
C25,2016,3160.213
C25,2017,3532.984
C25,2018,3967.064
C25,2019,4198.654
C25,2020,4081.625
C25,2021,4187.537
C25,2022,3932.181
C26,1995,3128.897
C26,1996,4225.54
C26,1997,3612.082
C26,1998,2727.073
C26,1999,2989.334
C26,2000,3176.214
C26,2001,2268.094
C26,2002,2971.181
C26,2003,3903.786
C26,2004,4445.76
C26,2005,5553.304
C26,2006,7105.941
C26,2007,9468.437
C26,2008,11088.872
C26,2009,10840.641
C26,2010,13252.711
C26,2011,11776.24
C26,2012,11086.752
C26,2013,11271.421
C26,2014,11610.578
C26,2015,10281.297
C26,2016,9491.312
C26,2017,11092.573
C26,2018,12283.536
C26,2019,12736.246
C26,2020,12399.091
C26,2021,13102.022
C26,2022,11554.732
C26_27,1995,4239.141
C26_27,1996,5783.766
C26_27,1997,5027.513
C26_27,1998,3911.403
C26_27,1999,4318.032
C26_27,2000,4514.262
C26_27,2001,3583.854
C26_27,2002,4410.841
C26_27,2003,5587.789
C26_27,2004,6417.053
C26_27,2005,7653.584
C26_27,2006,9546.842
C26_27,2007,12430.201
C26_27,2008,14410.121
C26_27,2009,13900.864
C26_27,2010,17000.927
C26_27,2011,15908.342
C26_27,2012,15505.487
C26_27,2013,16084.642
C26_27,2014,16700.786
C26_27,2015,15062.486
C26_27,2016,14550.549
C26_27,2017,16257.014
C26_27,2018,17830.566
C26_27,2019,18749.318
C26_27,2020,18494.254
C26_27,2021,19500.655
C26_27,2022,17349.517
C27,1995,1110.244
C27,1996,1558.226
C27,1997,1415.431
C27,1998,1184.331
C27,1999,1328.699
C27,2000,1338.048
C27,2001,1315.76
C27,2002,1439.659
C27,2003,1684.003
C27,2004,1971.292
C27,2005,2100.28
C27,2006,2440.901
C27,2007,2961.763
C27,2008,3321.25
C27,2009,3060.223
C27,2010,3748.216
C27,2011,4132.101
C27,2012,4418.735
C27,2013,4813.221
C27,2014,5090.208
C27,2015,4781.189
C27,2016,5059.238
C27,2017,5164.442
C27,2018,5547.03
C27,2019,6013.072
C27,2020,6095.163
C27,2021,6398.633
C27,2022,5794.785
C28,1995,1411.73
C28,1996,1489.502
C28,1997,1269.978
C28,1998,1020.657
C28,1999,1155.617
C28,2000,1238.746
C28,2001,1136.368
C28,2002,1251.422
C28,2003,1420.42
C28,2004,1648.695
C28,2005,1921.185
C28,2006,2290.958
C28,2007,3027.57
C28,2008,3485.468
C28,2009,3069.611
C28,2010,3905.751
C28,2011,4272.872
C28,2012,4357.391
C28,2013,4568.512
C28,2014,4254.72
C28,2015,4364.175
C28,2016,4273.887
C28,2017,4839.498
C28,2018,5346.529
C28,2019,5560.074
C28,2020,5479.295
C28,2021,5599.665
C28,2022,4993.361
C29,1995,3018.143
C29,1996,3247.511
C29,1997,2551.543
C29,1998,1756.576
C29,1999,2079.02
C29,2000,1900.046
C29,2001,1811.998
C29,2002,2215.093
C29,2003,2759.483
C29,2004,3173.484
C29,2005,3557.229
C29,2006,4079.785
C29,2007,4912.433
C29,2008,6019.5
C29,2009,4814.962
C29,2010,7153.271
C29,2011,7137.971
C29,2012,10250.849
C29,2013,10534.856
C29,2014,8554.081
C29,2015,8421.671
C29,2016,8902.574
C29,2017,9735.116
C29,2018,11263.988
C29,2019,11361.982
C29,2020,8825.558
C29,2021,10025.869
C29,2022,10056.51
C29_30,1995,3844.054
C29_30,1996,3992.47
C29_30,1997,3174.092
C29_30,1998,2214.783
C29_30,1999,2585.355
C29_30,2000,2381.026
C29_30,2001,2375.061
C29_30,2002,2847.268
C29_30,2003,3479.813
C29_30,2004,3995.606
C29_30,2005,4532.403
C29_30,2006,5170.984
C29_30,2007,6203.874
C29_30,2008,7453.492
C29_30,2009,6197.096
C29_30,2010,8802.892
C29_30,2011,8859.766
C29_30,2012,12102.03
C29_30,2013,12475.113
C29_30,2014,10422.109
C29_30,2015,10156.866
C29_30,2016,10708.061
C29_30,2017,11741.894
C29_30,2018,13499.999
C29_30,2019,13757.879
C29_30,2020,11079.392
C29_30,2021,12290.757
C29_30,2022,12256.429
C30,1995,825.911
C30,1996,744.959
C30,1997,622.55
C30,1998,458.207
C30,1999,506.335
C30,2000,480.98
C30,2001,563.063
C30,2002,632.175
C30,2003,720.33
C30,2004,822.122
C30,2005,975.174
C30,2006,1091.199
C30,2007,1291.441
C30,2008,1433.992
C30,2009,1382.134
C30,2010,1649.621
C30,2011,1721.795
C30,2012,1851.181
C30,2013,1940.257
C30,2014,1868.028
C30,2015,1735.195
C30,2016,1805.487
C30,2017,2006.778
C30,2018,2236.011
C30,2019,2395.897
C30,2020,2253.834
C30,2021,2264.888
C30,2022,2199.919
C301,1995,290.02
C301,1996,310.111
C301,1997,258.275
C301,1998,197.843
C301,1999,211.716
C301,2000,208.321
C301,2001,235.043
C301,2002,261.487
C301,2003,295.703
C301,2004,335.095
C301,2005,392.938
C301,2006,406.873
C301,2007,481.101
C301,2008,533.025
C301,2009,513.062
C301,2010,592.564
C301,2011,744.536
C301,2012,797.931
C301,2013,840.723
C301,2014,815.851
C301,2015,800.385
C301,2016,830.782
C301,2017,924.108
C301,2018,1029.553
C301,2019,1105.923
C301,2020,1032.413
C301,2021,1038.013
C301,2022,1005.945
C302T309,1995,535.891
C302T309,1996,434.848
C302T309,1997,364.275
C302T309,1998,260.364
C302T309,1999,294.619
C302T309,2000,272.659
C302T309,2001,328.02
C302T309,2002,370.688
C302T309,2003,424.627
C302T309,2004,487.027
C302T309,2005,582.237
C302T309,2006,684.326
C302T309,2007,810.34
C302T309,2008,900.967
C302T309,2009,869.073
C302T309,2010,1057.057
C302T309,2011,977.258
C302T309,2012,1053.25
C302T309,2013,1099.534
C302T309,2014,1052.177
C302T309,2015,934.81
C302T309,2016,974.705
C302T309,2017,1082.67
C302T309,2018,1206.458
C302T309,2019,1289.974
C302T309,2020,1221.421
C302T309,2021,1226.876
C302T309,2022,1193.974
C31T33,1995,2598.052
C31T33,1996,2732.272
C31T33,1997,2138.618
C31T33,1998,1617.674
C31T33,1999,1875.532
C31T33,2000,2065.84
C31T33,2001,1881.612
C31T33,2002,2050.536
C31T33,2003,2157.132
C31T33,2004,2345.477
C31T33,2005,2337.677
C31T33,2006,2821.585
C31T33,2007,3632.874
C31T33,2008,4012.971
C31T33,2009,4304.771
C31T33,2010,5237.367
C31T33,2011,5585.742
C31T33,2012,6018.12
C31T33,2013,6117.0
C31T33,2014,5712.443
C31T33,2015,5673.32
C31T33,2016,5561.431
C31T33,2017,6118.071
C31T33,2018,6600.226
C31T33,2019,6966.709
C31T33,2020,6944.137
C31T33,2021,7148.781
C31T33,2022,6984.047
D,1995,2990.037
D,1996,3154.35
D,1997,2853.113
D,1998,2617.762
D,1999,2514.149
D,2000,2643.616
D,2001,2753.188
D,2002,2991.539
D,2003,3361.71
D,2004,3860.552
D,2005,4095.022
D,2006,4713.421
D,2007,5389.809
D,2008,5932.96
D,2009,6049.978
D,2010,7112.076
D,2011,7462.511
D,2012,7859.722
D,2013,8462.264
D,2014,8550.018
D,2015,8899.233
D,2016,9012.836
D,2017,10051.39
D,2018,11243.466
D,2019,12445.589
D,2020,11095.904
D,2021,11145.537
D,2022,12461.649
D_E,1995,3519.304
D_E,1996,3691.208
D_E,1997,3361.484
D_E,1998,3048.477
D_E,1999,3022.545
D_E,2000,3174.298
D_E,2001,3266.5
D_E,2002,3527.42
D_E,2003,3954.324
D_E,2004,4525.564
D_E,2005,4767.997
D_E,2006,5400.163
D_E,2007,6165.901
D_E,2008,6801.02
D_E,2009,6961.328
D_E,2010,8124.457
D_E,2011,8568.344
D_E,2012,9039.597
D_E,2013,9801.513
D_E,2014,9934.333
D_E,2015,10288.663
D_E,2016,10464.485
D_E,2017,11663.88
D_E,2018,13024.745
D_E,2019,14402.165
D_E,2020,13021.476
D_E,2021,13142.336
D_E,2022,14359.122
E,1995,529.267
E,1996,536.858
E,1997,508.371
E,1998,430.715
E,1999,508.396
E,2000,530.682
E,2001,513.312
E,2002,535.882
E,2003,592.614
E,2004,665.012
E,2005,672.975
E,2006,686.742
E,2007,776.092
E,2008,868.059
E,2009,911.35
E,2010,1012.381
E,2011,1105.833
E,2012,1179.874
E,2013,1339.249
E,2014,1384.315
E,2015,1389.43
E,2016,1451.649
E,2017,1612.49
E,2018,1781.279
E,2019,1956.576
E,2020,1925.572
E,2021,1996.799
E,2022,1897.474
F,1995,11547.27
F,1996,12232.352
F,1997,7675.453
F,1998,4102.714
F,1999,4059.1
F,2000,3426.975
F,2001,3149.869
F,2002,3478.677
F,2003,3788.653
F,2004,4365.623
F,2005,4932.717
F,2006,5690.083
F,2007,6707.813
F,2008,7135.102
F,2009,6970.63
F,2010,8313.847
F,2011,9144.945
F,2012,9919.265
F,2013,10135.623
F,2014,9481.604
F,2015,9949.345
F,2016,10292.688
F,2017,10676.547
F,2018,11691.888
F,2019,12466.079
F,2020,12443.169
F,2021,12543.3
F,2022,11410.326
FTT,1995,101007.767
FTT,1996,106543.815
FTT,1997,84902.583
FTT,1998,61828.801
FTT,1999,70320.072
FTT,2000,70287.248
FTT,2001,67394.305
FTT,2002,75000.523
FTT,2003,83290.937
FTT,2004,95621.535
FTT,2005,104079.436
FTT,2006,120074.437
FTT,2007,142454.681
FTT,2008,157258.259
FTT,2009,153102.181
FTT,2010,178582.738
FTT,2011,195189.352
FTT,2012,211186.058
FTT,2013,225489.06
FTT,2014,223505.76
FTT,2015,224047.257
FTT,2016,234318.744
FTT,2017,260000.565
FTT,2018,289219.56
FTT,2019,314798.274
FTT,2020,288972.768
FTT,2021,286740.762
FTT,2022,280454.458
G,1995,31803.886
G,1996,34135.73
G,1997,28111.014
G,1998,21020.244
G,1999,26010.988
G,2000,26093.272
G,2001,25103.41
G,2002,27976.462
G,2003,31557.901
G,2004,35824.656
G,2005,38948.023
G,2006,44692.152
G,2007,52878.86
G,2008,59070.504
G,2009,56756.671
G,2010,66959.784
G,2011,66668.658
G,2012,71249.237
G,2013,74555.306
G,2014,72662.509
G,2015,71133.352
G,2016,74169.696
G,2017,82306.079
G,2018,91688.99
G,2019,98888.731
G,2020,92317.664
G,2021,93064.135
G,2022,89945.585
GTI,1995,46560.32
GTI,1996,49676.451
GTI,1997,41240.001
GTI,1998,31236.218
GTI,1999,37821.583
GTI,2000,37769.226
GTI,2001,36307.326
GTI,2002,40167.73
GTI,2003,44274.32
GTI,2004,50239.17
GTI,2005,54066.285
GTI,2006,62421.803
GTI,2007,74287.47
GTI,2008,81980.676
GTI,2009,79029.354
GTI,2010,92659.755
GTI,2011,95040.159
GTI,2012,102189.722
GTI,2013,108063.982
GTI,2014,106031.471
GTI,2015,106424.907
GTI,2016,113313.132
GTI,2017,127593.383
GTI,2018,143011.345
GTI,2019,156262.435
GTI,2020,131774.445
GTI,2021,128997.399
GTI,2022,129639.492
GTN,1995,71470.616
GTN,1996,74182.903
GTN,1997,59601.365
GTN,1998,43453.442
GTN,1999,50124.772
GTN,2000,51071.944
GTN,2001,49390.483
GTN,2002,55396.213
GTN,2003,61907.435
GTN,2004,70925.785
GTN,2005,76866.336
GTN,2006,88622.479
GTN,2007,105358.497
GTN,2008,116290.864
GTN,2009,111912.659
GTN,2010,131034.996
GTN,2011,140923.834
GTN,2012,153191.03
GTN,2013,164385.19
GTN,2014,162689.547
GTN,2015,162790.443
GTN,2016,171500.468
GTN,2017,191959.919
GTN,2018,214257.452
GTN,2019,233418.571
GTN,2020,206833.501
GTN,2021,204491.878
GTN,2022,203176.995
GTT,1995,89460.497
GTT,1996,94311.462
GTT,1997,77227.13
GTT,1998,57726.087
GTT,1999,66260.972
GTT,2000,66860.273
GTT,2001,64244.436
GTT,2002,71521.846
GTT,2003,79502.285
GTT,2004,91255.913
GTT,2005,99146.72
GTT,2006,114384.354
GTT,2007,135746.869
GTT,2008,150123.157
GTT,2009,146131.551
GTT,2010,170268.891
GTT,2011,186044.407
GTT,2012,201266.793
GTT,2013,215353.436
GTT,2014,214024.156
GTT,2015,214097.912
GTT,2016,224026.056
GTT,2017,249324.018
GTT,2018,277527.672
GTT,2019,302332.195
GTT,2020,276529.598
GTT,2021,274197.463
GTT,2022,269044.132
H,1995,8886.765
H,1996,9354.272
H,1997,8131.471
H,1998,6483.308
H,1999,7430.015
H,2000,7259.382
H,2001,7029.552
H,2002,7678.295
H,2003,8078.281
H,2004,9216.855
H,2005,9855.674
H,2006,11632.928
H,2007,14157.481
H,2008,14904.866
H,2009,14804.069
H,2010,16785.96
H,2011,17890.409
H,2012,18925.366
H,2013,19829.051
H,2014,19663.545
H,2015,19744.031
H,2016,21633.256
H,2017,24025.469
H,2018,26239.089
H,2019,28244.575
H,2020,21854.695
H,2021,21044.858
H,2022,20876.33
H49,1995,5464.059
H49,1996,5715.684
H49,1997,4775.617
H49,1998,3559.606
H49,1999,3972.27
H49,2000,3794.432
H49,2001,3551.018
H49,2002,3718.687
H49,2003,3769.608
H49,2004,4112.213
H49,2005,4448.514
H49,2006,5343.675
H49,2007,6348.301
H49,2008,6877.756
H49,2009,6923.369
H49,2010,7520.108
H49,2011,7948.36
H49,2012,8204.042
H49,2013,8272.67
H49,2014,8480.418
H49,2015,8250.319
H49,2016,9245.049
H49,2017,10235.724
H49,2018,11053.205
H49,2019,11979.122
H49,2020,10186.628
H49,2021,9703.264
H49,2022,9376.506
H50,1995,870.018
H50,1996,917.074
H50,1997,863.536
H50,1998,761.151
H50,1999,893.357
H50,2000,886.84
H50,2001,885.732
H50,2002,971.959
H50,2003,1099.591
H50,2004,1271.371
H50,2005,1468.095
H50,2006,1848.749
H50,2007,2199.991
H50,2008,2511.518
H50,2009,2595.944
H50,2010,2933.897
H50,2011,3228.929
H50,2012,3272.616
H50,2013,3525.149
H50,2014,3556.543
H50,2015,3629.132
H50,2016,3684.668
H50,2017,3939.97
H50,2018,4275.813
H50,2019,4570.301
H50,2020,4177.925
H50,2021,3876.714
H50,2022,3559.546
H51,1995,1685.49
H51,1996,1783.367
H51,1997,1627.759
H51,1998,1448.124
H51,1999,1612.357
H51,2000,1591.509
H51,2001,1626.571
H51,2002,1907.656
H51,2003,1974.745
H51,2004,2295.451
H51,2005,2206.035
H51,2006,2552.946
H51,2007,3210.532
H51,2008,2797.205
H51,2009,2756.562
H51,2010,3254.034
H51,2011,3236.381
H51,2012,3546.899
H51,2013,3700.724
H51,2014,3382.419
H51,2015,3585.875
H51,2016,4046.433
H51,2017,4599.48
H51,2018,4807.245
H51,2019,4833.507
H51,2020,1930.434
H51,2021,1366.113
H51,2022,1875.116
H52,1995,720.401
H52,1996,768.113
H52,1997,726.018
H52,1998,629.163
H52,1999,801.0
H52,2000,834.379
H52,2001,797.333
H52,2002,886.626
H52,2003,1031.558
H52,2004,1258.865
H52,2005,1419.469
H52,2006,1494.829
H52,2007,1893.978
H52,2008,2216.682
H52,2009,2061.053
H52,2010,2494.554
H52,2011,2849.978
H52,2012,3250.046
H52,2013,3642.87
H52,2014,3542.231
H52,2015,3620.506
H52,2016,3865.211
H52,2017,4276.924
H52,2018,4915.297
H52,2019,5457.709
H52,2020,3889.026
H52,2021,3863.798
H52,2022,3963.819
H53,1995,146.798
H53,1996,170.035
H53,1997,138.541
H53,1998,85.265
H53,1999,151.031
H53,2000,152.222
H53,2001,168.897
H53,2002,193.366
H53,2003,202.779
H53,2004,278.955
H53,2005,313.561
H53,2006,392.73
H53,2007,504.679
H53,2008,501.705
H53,2009,467.141
H53,2010,583.367
H53,2011,626.761
H53,2012,651.763
H53,2013,687.638
H53,2014,701.934
H53,2015,658.198
H53,2016,791.896
H53,2017,973.371
H53,2018,1187.529
H53,2019,1403.936
H53,2020,1670.682
H53,2021,2234.97
H53,2022,2101.342
I,1995,5869.67
I,1996,6186.449
I,1997,4997.517
I,1998,3732.666
I,1999,4380.58
I,2000,4416.571
I,2001,4174.364
I,2002,4512.973
I,2003,4638.138
I,2004,5197.658
I,2005,5262.588
I,2006,6096.723
I,2007,7251.129
I,2008,8005.306
I,2009,7468.614
I,2010,8914.011
I,2011,10481.092
I,2012,12015.119
I,2013,13679.626
I,2014,13705.417
I,2015,15547.524
I,2016,17510.18
I,2017,21261.835
I,2018,25083.266
I,2019,29129.129
I,2020,17602.086
I,2021,14888.405
I,2022,18817.577
INFO,1995,6110.39
INFO,1996,7167.945
INFO,1997,6114.421
INFO,1998,4589.062
INFO,1999,5280.413
INFO,2000,5542.533
INFO,2001,4827.855
INFO,2002,5806.903
INFO,2003,7065.249
INFO,2004,8038.1
INFO,2005,9345.972
INFO,2006,11393.95
INFO,2007,14551.684
INFO,2008,16651.568
INFO,2009,16001.917
INFO,2010,19176.964
INFO,2011,18629.251
INFO,2012,18382.564
INFO,2013,19311.881
INFO,2014,19577.88
INFO,2015,18353.031
INFO,2016,17752.417
INFO,2017,20332.285
INFO,2018,22689.831
INFO,2019,24773.446
INFO,2020,24516.9
INFO,2021,25541.451
INFO,2022,23566.804
J,1995,2981.494
J,1996,2942.405
J,1997,2502.339
J,1998,1861.99
J,1999,2291.08
J,2000,2366.319
J,2001,2559.762
J,2002,2835.722
J,2003,3161.464
J,2004,3592.34
J,2005,3792.668
J,2006,4288.009
J,2007,5083.247
J,2008,5562.697
J,2009,5161.276
J,2010,5924.252
J,2011,6853.011
J,2012,7295.812
J,2013,8040.46
J,2014,7967.302
J,2015,8071.734
J,2016,8261.105
J,2017,9239.713
J,2018,10406.295
J,2019,12037.2
J,2020,12117.809
J,2021,12439.429
J,2022,12012.073
J58T60,1995,771.784
J58T60,1996,827.104
J58T60,1997,673.793
J58T60,1998,498.923
J58T60,1999,539.644
J58T60,2000,574.079
J58T60,2001,531.331
J58T60,2002,620.009
J58T60,2003,693.167
J58T60,2004,798.157
J58T60,2005,807.461
J58T60,2006,897.682
J58T60,2007,905.113
J58T60,2008,985.693
J58T60,2009,957.998
J58T60,2010,1149.029
J58T60,2011,1253.29
J58T60,2012,1281.078
J58T60,2013,1411.819
J58T60,2014,1357.739
J58T60,2015,1317.757
J58T60,2016,1354.284
J58T60,2017,1391.029
J58T60,2018,1438.806
J58T60,2019,1519.57
J58T60,2020,1432.093
J58T60,2021,1346.928
J58T60,2022,1266.752
J61,1995,2066.221
J61,1996,1969.027
J61,1997,1700.144
J61,1998,1226.592
J61,1999,1505.427
J61,2000,1560.958
J61,2001,1782.58
J61,2002,1915.987
J61,2003,2084.848
J61,2004,2292.133
J61,2005,2365.628
J61,2006,2556.033
J61,2007,3165.744
J61,2008,3479.643
J61,2009,3188.154
J61,2010,3539.02
J61,2011,4057.438
J61,2012,4296.887
J61,2013,4524.44
J61,2014,4368.337
J61,2015,4409.872
J61,2016,4478.906
J61,2017,5131.943
J61,2018,5933.188
J61,2019,7260.362
J61,2020,7313.705
J61,2021,7515.467
J61,2022,7037.055
J62_63,1995,143.489
J62_63,1996,146.274
J62_63,1997,128.401
J62_63,1998,136.474
J62_63,1999,246.008
J62_63,2000,231.282
J62_63,2001,245.851
J62_63,2002,299.727
J62_63,2003,383.449
J62_63,2004,502.049
J62_63,2005,619.579
J62_63,2006,834.294
J62_63,2007,1012.389
J62_63,2008,1097.361
J62_63,2009,1015.123
J62_63,2010,1236.203
J62_63,2011,1542.282
J62_63,2012,1717.847
J62_63,2013,2104.201
J62_63,2014,2241.226
J62_63,2015,2344.105
J62_63,2016,2427.916
J62_63,2017,2716.741
J62_63,2018,3034.301
J62_63,2019,3257.267
J62_63,2020,3372.01
J62_63,2021,3577.034
J62_63,2022,3708.265
JTN,1995,24910.296
JTN,1996,24506.452
JTN,1997,18361.364
JTN,1998,12217.225
JTN,1999,12303.189
JTN,2000,13302.718
JTN,2001,13083.157
JTN,2002,15228.484
JTN,2003,17633.115
JTN,2004,20686.616
JTN,2005,22800.052
JTN,2006,26200.676
JTN,2007,31071.026
JTN,2008,34310.187
JTN,2009,32883.304
JTN,2010,38375.241
JTN,2011,45883.675
JTN,2012,51001.309
JTN,2013,56321.208
JTN,2014,56658.076
JTN,2015,56365.535
JTN,2016,58187.335
JTN,2017,64366.536
JTN,2018,71246.107
JTN,2019,77156.135
JTN,2020,75059.056
JTN,2021,75494.479
JTN,2022,73537.503
K,1995,13996.734
K,1996,12554.136
K,1997,8359.784
K,1998,4912.895
K,1999,3907.877
K,2000,4125.616
K,2001,4415.839
K,2002,5426.96
K,2003,6396.313
K,2004,7632.234
K,2005,8656.957
K,2006,9804.628
K,2007,11838.9
K,2008,13099.269
K,2009,13393.508
K,2010,15111.719
K,2011,17847.309
K,2012,20005.819
K,2013,23537.944
K,2014,24809.726
K,2015,25345.892
K,2016,26780.115
K,2017,29466.326
K,2018,32536.197
K,2019,34722.633
K,2020,35502.824
K,2021,36193.795
K,2022,35406.389
L,1995,4201.377
L,1996,5073.291
L,1997,4203.62
L,1998,3153.845
L,1999,3364.806
L,2000,3355.346
L,2001,2804.474
L,2002,3115.56
L,2003,3510.543
L,2004,3984.75
L,2005,4286.004
L,2006,4978.378
L,2007,5910.51
L,2008,6588.381
L,2009,6331.576
L,2010,7681.733
L,2011,9877.341
L,2012,10472.707
L,2013,11018.88
L,2014,10796.879
L,2015,10637.067
L,2016,11076.36
L,2017,12278.555
L,2018,13642.475
L,2019,14703.757
L,2020,13742.301
L,2021,13813.751
L,2022,13421.419
M,1995,1972.04
M,1996,2082.479
M,1997,1776.116
M,1998,1297.506
M,1999,1529.387
M,2000,2018.403
M,2001,1762.791
M,2002,1942.355
M,2003,2267.398
M,2004,2700.969
M,2005,3056.174
M,2006,3572.676
M,2007,4397.384
M,2008,4791.547
M,2009,4163.968
M,2010,5129.035
M,2011,5985.259
M,2012,7002.956
M,2013,7278.943
M,2014,6985.894
M,2015,6437.565
M,2016,6191.793
M,2017,6963.78
M,2018,7598.908
M,2019,8106.534
M,2020,7697.962
M,2021,7468.867
M,2022,7226.313
M_N,1995,3730.691
M_N,1996,3936.621
M_N,1997,3295.622
M_N,1998,2288.495
M_N,1999,2739.426
M_N,2000,3455.437
M_N,2001,3303.083
M_N,2002,3850.242
M_N,2003,4564.794
M_N,2004,5477.292
M_N,2005,6064.423
M_N,2006,7129.66
M_N,2007,8238.37
M_N,2008,9059.84
M_N,2009,7996.945
M_N,2010,9657.536
M_N,2011,11306.015
M_N,2012,13226.97
M_N,2013,13723.923
M_N,2014,13084.168
M_N,2015,12310.843
M_N,2016,12069.755
M_N,2017,13381.941
M_N,2018,14661.14
M_N,2019,15692.546
M_N,2020,13696.121
M_N,2021,13047.504
M_N,2022,12697.622
N,1995,1758.651
N,1996,1854.142
N,1997,1519.506
N,1998,990.989
N,1999,1210.038
N,2000,1437.034
N,2001,1540.291
N,2002,1907.887
N,2003,2297.396
N,2004,2776.323
N,2005,3008.248
N,2006,3556.984
N,2007,3840.986
N,2008,4268.293
N,2009,3832.977
N,2010,4528.501
N,2011,5320.755
N,2012,6224.014
N,2013,6444.981
N,2014,6098.274
N,2015,5873.278
N,2016,5877.963
N,2017,6418.162
N,2018,7062.231
N,2019,7586.012
N,2020,5998.159
N,2021,5578.637
N,2022,5471.31
O,1995,6945.115
O,1996,7222.202
O,1997,6489.363
O,1998,5476.583
O,1999,6392.501
O,2000,6345.182
O,2001,6032.11
O,2002,6662.828
O,2003,7253.668
O,2004,8181.449
O,2005,9110.187
O,2006,10625.734
O,2007,12850.468
O,2008,14561.472
O,2009,14770.268
O,2010,16814.834
O,2011,18929.066
O,2012,19802.854
O,2013,20854.538
O,2014,20885.36
O,2015,20765.583
O,2016,21217.394
O,2017,23055.532
O,2018,25298.546
O,2019,27395.534
O,2020,28350.336
O,2021,28416.562
O,2022,26313.128
OTQ,1995,14237.859
OTQ,1996,16237.713
OTQ,1997,14344.679
OTQ,1998,11896.211
OTQ,1999,13503.728
OTQ,2000,13280.373
OTQ,2001,12496.243
OTQ,2002,13632.384
OTQ,2003,14772.589
OTQ,2004,16994.026
OTQ,2005,18689.373
OTQ,2006,21721.323
OTQ,2007,26031.212
OTQ,2008,29153.24
OTQ,2009,29880.065
OTQ,2010,34087.617
OTQ,2011,39138.232
OTQ,2012,41377.086
OTQ,2013,43729.501
OTQ,2014,44214.357
OTQ,2015,44128.262
OTQ,2016,45175.291
OTQ,2017,49164.077
OTQ,2018,54042.278
OTQ,2019,58673.18
OTQ,2020,60377.578
OTQ,2021,60700.946
OTQ,2022,57231.796
OTT,1995,17989.881
OTT,1996,20128.559
OTT,1997,17625.765
OTT,1998,14272.645
OTT,1999,16136.2
OTT,2000,15788.329
OTT,2001,14853.953
OTT,2002,16125.633
OTT,2003,17594.85
OTT,2004,20330.128
OTT,2005,22280.383
OTT,2006,25761.875
OTT,2007,30388.372
OTT,2008,33832.293
OTT,2009,34218.892
OTT,2010,39233.895
OTT,2011,45120.573
OTT,2012,48075.762
OTT,2013,50968.247
OTT,2014,51334.609
OTT,2015,51307.469
OTT,2016,52525.588
OTT,2017,57364.099
OTT,2018,63270.22
OTT,2019,68913.625
OTT,2020,69696.098
OTT,2021,69705.585
OTT,2022,65867.137
P,1995,4375.699
P,1996,5479.405
P,1997,4862.291
P,1998,4051.0
P,1999,4451.094
P,2000,4331.496
P,2001,4007.631
P,2002,4233.248
P,2003,4625.83
P,2004,5478.037
P,2005,6023.323
P,2006,7042.111
P,2007,8465.633
P,2008,9388.586
P,2009,9589.744
P,2010,10920.394
P,2011,12698.355
P,2012,13678.9
P,2013,14451.319
P,2014,14758.86
P,2015,14664.34
P,2016,14839.72
P,2017,15962.578
P,2018,17368.386
P,2019,18799.718
P,2020,19251.011
P,2021,19160.25
P,2022,18067.737
Q,1995,2917.045
Q,1996,3536.106
Q,1997,2993.026
Q,1998,2368.628
Q,1999,2660.133
Q,2000,2603.694
Q,2001,2456.501
Q,2002,2736.308
Q,2003,2893.091
Q,2004,3334.541
Q,2005,3555.863
Q,2006,4053.478
Q,2007,4715.111
Q,2008,5203.183
Q,2009,5520.053
Q,2010,6352.389
Q,2011,7510.812
Q,2012,7895.332
Q,2013,8423.645
Q,2014,8570.137
Q,2015,8698.338
Q,2016,9118.177
Q,2017,10145.966
Q,2018,11375.346
Q,2019,12477.928
Q,2020,12776.232
Q,2021,13124.134
Q,2022,12850.932
R,1995,770.208
R,1996,813.235
R,1997,664.028
R,1998,480.137
R,1999,542.61
R,2000,515.154
R,2001,454.554
R,2002,470.043
R,2003,593.71
R,2004,767.637
R,2005,832.05
R,2006,969.34
R,2007,910.4
R,2008,949.418
R,2009,895.467
R,2010,1275.68
R,2011,1421.948
R,2012,1646.698
R,2013,1792.643
R,2014,1720.052
R,2015,1895.299
R,2016,1962.567
R,2017,2300.599
R,2018,2716.729
R,2019,3230.506
R,2020,2844.994
R,2021,2943.115
R,2022,2767.112
RTT,1995,3752.022
RTT,1996,3890.846
RTT,1997,3281.085
RTT,1998,2376.433
RTT,1999,2632.472
RTT,2000,2507.956
RTT,2001,2357.711
RTT,2002,2493.248
RTT,2003,2822.261
RTT,2004,3336.101
RTT,2005,3591.011
RTT,2006,4040.552
RTT,2007,4357.16
RTT,2008,4679.053
RTT,2009,4338.827
RTT,2010,5146.278
RTT,2011,5982.341
RTT,2012,6698.677
RTT,2013,7238.745
RTT,2014,7120.253
RTT,2015,7179.207
RTT,2016,7350.297
RTT,2017,8200.022
RTT,2018,9227.942
RTT,2019,10240.445
RTT,2020,9318.52
RTT,2021,9004.639
RTT,2022,8635.341
R_S,1995,3255.272
R_S,1996,3427.667
R_S,1997,2871.806
R_S,1998,2054.255
R_S,1999,2288.721
R_S,2000,2153.355
R_S,2001,2013.277
R_S,2002,2149.853
R_S,2003,2430.019
R_S,2004,2951.686
R_S,2005,3227.762
R_S,2006,3677.687
R_S,2007,3927.49
R_S,2008,4263.71
R_S,2009,3921.56
R_S,2010,4683.671
R_S,2011,5418.792
R_S,2012,6095.295
R_S,2013,6612.512
R_S,2014,6483.553
R_S,2015,6503.09
R_S,2016,6680.406
R_S,2017,7517.437
R_S,2018,8511.992
R_S,2019,9473.128
R_S,2020,8525.741
R_S,2021,8238.748
R_S,2022,7903.901
S,1995,2485.064
S,1996,2614.432
S,1997,2207.778
S,1998,1574.117
S,1999,1746.112
S,2000,1638.201
S,2001,1558.723
S,2002,1679.81
S,2003,1836.308
S,2004,2184.049
S,2005,2395.712
S,2006,2708.348
S,2007,3017.091
S,2008,3314.293
S,2009,3026.092
S,2010,3407.991
S,2011,3996.844
S,2012,4448.597
S,2013,4819.869
S,2014,4763.501
S,2015,4607.792
S,2016,4717.839
S,2017,5216.838
S,2018,5795.262
S,2019,6242.622
S,2020,5680.747
S,2021,5295.632
S,2022,5136.789
T,1995,496.75
T,1996,463.179
T,1997,409.28
T,1998,322.178
T,1999,343.751
T,2000,354.601
T,2001,344.434
T,2002,343.395
T,2003,392.242
T,2004,384.415
T,2005,363.248
T,2006,362.865
T,2007,429.67
T,2008,415.343
T,2009,417.268
T,2010,462.607
T,2011,563.549
T,2012,603.382
T,2013,626.233
T,2014,636.699
T,2015,676.116
T,2016,669.891
T,2017,682.586
T,2018,715.95
T,2019,767.317
T,2020,792.779
T,2021,765.891
T,2022,731.44
_T,1995,160051.488
_T,1996,173529.611
_T,1997,143167.242
_T,1998,108839.687
_T,1999,120828.124
_T,2000,119893.196
_T,2001,114088.981
_T,2002,127174.522
_T,2003,144187.702
_T,2004,163651.706
_T,2005,178981.619
_T,2006,209683.635
_T,2007,249523.411
_T,2008,277958.211
_T,2009,267564.42
_T,2010,321873.392
_T,2011,350920.46
_T,2012,374974.196
_T,2013,396409.722
_T,2014,385887.014
_T,2015,378242.309
_T,2016,390244.801
_T,2017,431213.241
_T,2018,478121.746
_T,2019,513137.566
_T,2020,473369.345
_T,2021,479537.014
_T,2022,470093.34
