"","A01","A02","A03","B05","B06","B07","B08","B09","C10T12","C13T15","C16","C17_18","C19","C20","C21","C22","C23","C24A","C24B","C25","C26","C27","C28","C29","C301","C302T309","C31T33","D","E","F","G","H49","H50","H51","H52","H53","I","J58T60","J61","J62_63","K","L","M","N","O","P","Q","R","S","T","HFCE","NPISH","GGFC","GFCF","INVNT","DPABR","CONS_NONRES","EXPO","..","TOTAL"
"DOM_A01",6521.077,34.611,85.999,0.062,0.486,0.005,0.784,0.046,19665.12,838.044,15.301,2.42,0.024,77.012,17.404,76.389,0.787,0.038,0.059,0.265,8.186,0.529,2.829,2.826,0.123,0.405,58.963,10.155,1.27,30.339,263.912,7.541,3.526,0.423,0.876,0.179,2018.864,1.336,0.269,0.093,0.673,1.568,9.269,9.63,25.488,42.983,57.447,6.505,25.467,0,16278.938,4.002,332.341,102.98,39.59,0,114.987,11022.933,0,57823.376
"DOM_A02",28.26,76.998,0.959,0.156,0.187,0.003,0.136,0.001,26.883,4.838,262.84,17.645,0.004,1.993,0.101,18.691,0.799,0.061,0.042,0.056,0.056,0.035,0.125,0.11,0.031,0.022,63.123,7.947,0.022,4.795,7.587,0.113,0.065,0.016,0.013,0.006,6.837,0.081,0.038,0.022,0.019,0.101,0.075,0.091,1.292,0.888,0.359,0.248,0.462,0,188.134,2.142,0.119,0.09,0.161,0,0.009,57.003,0,782.888
"DOM_A03",7.143,0.476,794.475,0.014,0.009,0.003,0.071,0,2888.954,1.034,0.022,0.038,0.01,0.667,0.149,0.127,0.129,0.01,0.018,0.091,0.61,0.105,0.165,0.067,0.033,0.009,0.586,0.088,0.064,0.404,17.838,0.328,1.177,0.101,0.051,0.001,630.91,0.288,0.063,0.081,0.24,0.257,0.206,0.326,7.141,3.812,5.078,0.422,1.534,0,2723.519,1.109,15.514,0.124,1.26,0,0.022,136.281,0,7243.257
"DOM_B05",1.325,0.03,0.018,5.105,1.303,0.048,1.178,0.152,3.922,2.877,0.176,1.652,10.401,8.394,0.046,1.51,21.377,31.353,4.262,0.133,0.651,0.348,0.385,0.641,0.077,0.303,0.489,426.696,0.089,4.374,0.762,0.595,0.02,0.057,0.034,0.006,0.804,0.012,0.019,0.005,0.011,0.115,0.057,0.038,0.718,1.128,0.078,0.009,0.406,0,0.093,0,0.027,0.119,0.002,0,0.005,5.342,0,539.775
"DOM_B06",0.291,0.003,0.033,0.402,701.126,0.03,1.575,0.173,5.518,1.814,0.324,2.175,5664.628,32.352,0.08,3.115,12.517,4.813,2.747,1.534,1.759,0.39,0.638,2.104,0.095,0.442,3.01,7630.948,0.287,1.649,4.4,1.262,0.099,1.355,0.246,0.063,0.74,0.068,0.031,0.03,0.087,0.266,0.419,0.252,0.977,0.836,0.089,0.036,0.131,0,0.095,0,0.007,0.071,0,0,0.009,65.007,0,14153.146
"DOM_B07",0.016,0,0.003,0.008,0.077,0.034,0.104,0.008,0.05,0.02,0.001,0.004,0.031,0.232,0.002,0.018,0.527,2.029,2.315,0.123,0.075,0.02,0.038,0.051,0.002,0.005,0.083,0.202,0.003,0.325,0.033,0.016,0.004,0.006,0.002,0.001,0.015,0.003,0.003,0.001,0.004,0.005,0.015,0.006,0.01,0.008,0.002,0.001,0.005,0,0.026,0,0.02,0.059,0,0,0.008,109.459,0,116.12
"DOM_B08",40.15,0.555,5.469,1.766,11.81,0.511,150.205,2.015,44.973,9.655,0.346,9.415,9.336,164.772,0.638,10.775,1314.372,73.986,24.141,8.2,15.86,7.158,5.874,6.065,0.247,0.828,52.909,50.764,2.975,875.354,5.151,2.798,0.082,0.08,0.187,0.022,3.993,0.015,0.049,0.005,0.019,4.502,0.737,1.229,6.905,0.959,0.165,0.194,0.857,0,0.108,0,0.006,0.13,0,0,0.017,475.744,0,3405.082
"DOM_B09",3.827,0.041,20.965,13.434,842.368,1.646,113.42,50.117,4.275,0.193,0.31,4.749,31.496,1.309,0.053,5.144,51.898,6.341,4.598,0.256,0.694,0.347,0.576,0.118,0.001,0.055,0.532,81.199,0.459,57.512,0.415,5.377,1.489,1.751,0.415,0.395,1.115,0.747,0.006,0.001,0.143,0.495,1.884,0.039,0.74,0.539,0.047,0.017,0.159,0,0.073,0,60.042,559.258,0,0,0.008,83.47,0,2016.559
"DOM_C10T12",2808.585,1.814,289.353,0.17,2.264,0.02,1.774,0.103,8734.644,183.481,2.555,16.258,0.957,155.703,23.836,16.963,6.354,0.689,1.062,3.348,29.05,4.395,6.445,7.42,0.404,1.755,56.974,4.631,2.287,15.369,344.914,15.052,27.993,7.987,2.724,1.113,7017.589,17.77,4.42,3.325,9.344,6.947,9.266,15.379,66.694,164.659,102.94,39.007,39.37,0,36244.077,17.638,209.174,0.295,93.711,0,104.171,29768.538,0,86712.763
"DOM_C13T15",34.507,2.211,76.014,1.234,9.837,0.147,3.848,0.539,66.604,16900.694,13.365,77.668,0.864,55.117,6.186,210.947,53.334,4.64,2.198,21.484,191.452,25.563,42.517,472.57,9.37,26.376,1459.526,10.208,5.397,99.344,286.697,23.54,4.313,9.522,3.436,6.476,297.602,9.852,4.226,2.095,5.471,4.987,26.934,53.694,125.899,78.699,73.053,33.62,114,0,13635.513,3.982,198.714,332.466,152.184,0,1026.285,7006.353,0,43403.377
"DOM_C16",11.741,1.512,1.248,0.206,0.663,0.02,0.62,0.037,23.375,13.736,238.586,21.597,0.023,8.59,0.375,10.29,15.311,0.472,0.615,5.709,21.976,5.725,5.635,33.091,3.783,2.643,647.551,3.796,0.304,262.679,20.45,2.806,0.227,0.229,0.967,0.052,13.427,1.22,0.237,0.119,0.332,5.24,2.632,2.047,1.186,3.517,1.61,0.503,6.668,0,245.491,0.001,0.306,51.266,18.58,0,6.337,2135.505,0,3862.865
"DOM_C17_18",37.345,0.574,10.302,0.188,5.036,0.076,1.611,0.172,704.479,183.617,28.149,1534.663,0.762,75.669,28.4,115.164,89.529,3.268,3.597,28.243,386.152,49.875,48.32,97.607,2.109,14.611,388.269,13.848,4.543,49.771,374.802,28.689,9.25,6.817,5.204,10.882,141.616,299.766,21.721,22.361,66.323,8.546,91.425,99.883,127.145,271.605,43.097,15.155,66.419,0,480.689,0.001,85.866,11.305,8.542,0,122.228,1877.026,0,8202.31
"DOM_C19",1092.914,49.955,691.472,19.474,187.445,4.481,120.677,13.72,713.11,246.196,90.62,111.063,398.226,1544.247,20.624,125.87,403.189,194.535,42.334,90.123,313.627,145.285,111.59,474.912,9.941,43.348,559.227,935.417,64.726,820.085,1617.92,4848.406,1739.251,3769.806,105.575,65.212,404.097,43.129,39.455,21.123,84.302,29.451,100.686,290.209,391.042,243.22,86.054,38.58,137.453,0,5242.901,0.658,110.816,0.128,46.154,0,263.397,8103.201,0,37460.663
"DOM_C20",774.363,1.819,10.041,2.347,19.585,0.612,16.28,1.177,253.592,863.924,61.255,152.048,22.93,2049.957,80.382,1840.207,160.436,16.782,13.591,57.57,743.71,106.483,67.769,311.76,14.307,23.804,605.722,13.818,20.73,148.542,70.013,11.495,3.991,5.161,2.793,0.408,77.74,16.36,0.727,2.057,1.946,10.564,29.433,14.676,14.046,35.648,25.767,3.796,62.673,0,740.296,0.433,8.522,0.102,0.104,0,0.115,22223.054,0,31817.466
"DOM_C21",143.366,0.075,7.714,0.281,3.486,0.097,0.737,0.036,85.34,17.186,0.614,0.448,0.113,43.911,466.205,3.495,0.711,0.474,0.282,0.514,6.983,0.197,6.324,2.028,0.046,0.335,50.888,1.7,1.833,3.025,22.609,4.526,1.925,1.853,0.304,0.289,2.596,0.91,0.059,0.024,0.452,0.375,27.298,2.419,57.547,30.566,318.762,4.612,14.476,0,1827.597,1.659,306.1,0.047,6.344,0,0.047,508.88,0,3990.721
"DOM_C22",125.631,2.153,20.115,2.087,19.819,0.263,7.241,0.615,842.717,428.628,34.385,99.723,2.168,188.24,38.665,1724.192,75.727,6.003,7.663,83.308,1447.668,268.834,241.099,1511.799,11.94,106.122,863.908,8.332,14.557,530.643,456.26,160.557,10.436,8.052,5.814,2.467,62.543,10.766,3.983,1.46,6.661,14.509,22.186,29.424,15.901,30.407,12.304,3.948,22.301,0,1929.313,0,0.006,187.16,72.09,0,0.016,14115.685,0,25898.494
"DOM_C23",98.606,1.524,3.456,1.076,23.835,0.654,18.431,0.795,468.581,55.601,40.903,5.688,1.314,85.46,21.455,203.201,2113.468,61.236,15.718,73.616,1076.924,139.159,82.613,544.693,16.507,26.936,398.531,21.531,15.932,5101.017,120.53,18.699,13.655,1.046,3.026,0.667,118.879,1.145,1.169,0.268,3.728,88.921,27.913,8.137,17.93,56.906,8.055,3.344,26.328,0,942.591,0,6.256,816.698,232.076,0,0.003,2758.395,0,15994.828
"DOM_C24A",6.904,0.262,0.644,1.23,33.663,0.211,1.407,0.443,10.742,11.234,5.959,2.738,0.621,6.589,0.47,58.459,48.536,630.494,22.274,850.084,546.993,192.73,700.553,1148.201,51.705,195.758,343.787,10.965,9.185,539.963,27.874,4.822,2.532,0.098,1.18,0.055,1.019,0.106,0.083,0.032,0.222,3.052,10.041,1.64,1.856,2.808,0.312,0.563,1.905,0,0.043,0.001,0.008,0.053,0,0,0.003,1757.553,0,7250.661
"DOM_C24B",0.07,0.004,0.005,0.002,0.11,0.001,0.013,0.001,0.723,0.296,0.088,0.109,0.009,0.994,0.039,0.845,0.402,1.746,49.446,7.71,28.688,9.894,5.553,12.105,0.268,1.886,10.921,0.116,0.147,2.538,0.522,0.071,0.032,0.015,0.007,0.001,0.081,0.008,0.002,0.001,0.005,0.03,0.063,0.01,0.033,0.012,0.009,0.008,0.042,0,0.038,0.001,0.008,0.023,0,0,0.007,3258.873,0,3394.631
"DOM_C25",35.406,1.453,4.03,2.307,26.767,0.284,4.552,1.237,171.467,46.294,25.853,8.222,1.196,37.848,3.163,68.687,38.272,34.698,10.956,432.723,626.339,145.571,488.484,816.821,43.866,115.984,466.368,12.035,4.122,619.022,74.054,11.583,4.252,1.246,1.863,0.24,23.417,1.406,2.314,0.676,0.799,10.334,17.884,11.724,29.761,11.425,2.225,1.596,10.212,0,428.999,0,1.849,892.434,252.495,0,0.01,6292.862,0,12379.687
"DOM_C26",3.644,0.287,1.861,0.219,5.849,0.045,0.692,0.174,8.845,7.145,0.991,4.239,0.604,10.53,1.459,9.857,5.364,1.12,1.23,18.557,20069.345,325.944,209.365,331.506,21.354,43.565,218.206,20.878,5.722,86.338,121.059,8.563,5.544,10.599,2.661,2.057,19.895,24.144,106.24,30.883,9.825,2.226,49.425,16.313,29.196,49.167,19.016,4.258,23.915,0,6370.732,1.994,749.05,12847.95,3586.863,0,0.468,46469.277,0,91976.253
"DOM_C27",1.43,0.03,0.508,0.075,0.558,0.018,0.43,0.065,2.23,1.077,0.223,0.623,0.047,1.132,0.143,2.297,1.255,0.47,0.385,3.84,278.216,181.11,34.654,105.889,1.679,9.164,30.353,17.902,0.514,52.269,15.296,3.259,1.146,0.823,0.245,0.078,4.176,0.822,3.856,0.655,0.291,0.565,3.592,1.748,2.998,2.173,0.778,0.674,1.961,0,62.313,0.001,0.064,249.666,66.86,0,4.256,13650.696,0,14807.578
"DOM_C28",6.184,0.678,2.208,1.008,11.361,0.129,2.439,0.489,12.241,7.077,1.737,2.868,0.603,4.148,0.425,7.33,11.111,2.463,0.892,9.844,80.095,23.9,228.329,117.895,6.969,14.475,63.808,8.638,1.714,42.547,19.548,4.374,0.613,0.745,0.493,0.173,1.413,0.626,0.772,0.36,1.06,0.284,3.762,5.32,3.39,2.648,1.111,0.562,1.245,0,4.665,0.087,5.971,1226.763,343.487,0,0.003,14323.515,0,16626.595
"DOM_C29",2.774,0.996,1.002,0.038,1.404,0.039,0.731,0.076,3.078,0.87,0.561,0.302,0.113,1.56,0.113,2.827,3.987,0.582,0.55,2.781,26.097,6.929,21.349,3778.532,0.874,17.441,18.735,1.785,0.89,9.854,297.069,74.616,5.232,7.942,1.551,0.425,0.938,0.429,0.364,0.269,0.576,0.324,1.995,7.386,2.937,2.787,0.881,0.572,0.954,0,1652.813,0.001,7.363,6061.958,1702.373,0,0.207,29292.377,0,43031.213
"DOM_C301",0.052,0.006,4.888,0.003,0.519,0.002,0.035,0,0.133,0.027,0.009,0.008,0.002,0.021,0.002,0.062,0.015,0.012,0.008,0.179,2.531,0.214,1.858,5.146,177.382,42.463,11.737,0.041,0.013,0.266,0.786,2.695,71.432,17.139,0.569,0.013,0.063,0.006,0.002,0.002,0.025,0.008,0.113,0.39,9.375,0.124,0.011,0.061,0.24,0,1.964,0,0.002,515.907,145.396,0,0.003,1764.141,0,2778.101
"DOM_C302T309",0.182,0.163,5.033,0.048,0.146,0.005,0.036,0.014,1.026,0.161,0.073,0.025,0.002,0.11,0.006,0.284,0.164,0.08,0.038,1.34,10.324,2.046,4.345,120.553,17.449,715.712,42.466,0.131,0.036,1.624,15.141,42.81,10.675,95.687,0.643,0.061,0.159,0.007,0.01,0.016,0.051,0.034,0.397,3.277,17.335,0.464,0.283,0.094,0.956,0,280.012,0.001,0.065,1038.465,290.317,0,0,3489.297,0,6209.881
"DOM_C31T33",203.508,7.779,71.055,3.623,77.525,0.707,26.32,3.05,226.999,426.08,27.431,48.435,6.586,87.713,16.087,76.166,85.548,33.139,12.091,52.155,880.559,81.288,124.91,296.928,19.361,57.758,4059.55,138.075,36.62,345.546,309.184,205.027,77.668,244.124,18.085,8.27,237.109,24.051,29.92,12.842,51.51,22.52,83.714,103.901,140.593,379.092,152.298,56.24,109.524,0,6653.212,1.073,448.741,3659.356,828.325,0,494.517,13459.65,0,35343.142
"DOM_D",1478.805,20.46,219.379,45.997,734.669,8.607,238.578,7.955,2930.299,2315.131,217.635,761.662,134.685,1645.064,94.832,1418.431,1417.187,561.222,247.227,512.532,3801.322,431.052,540.67,1690.877,54.868,242.752,1359.294,6226.758,512.196,492.66,2921.14,1147.892,38.424,46.973,88.586,44.699,3435.895,171.16,262.84,54.346,211.461,317.453,226.069,276.642,812.431,1682.599,459.63,199.677,524.292,0,9222.034,1.388,396.687,0.112,2.058,0,0.023,292.777,0,53200.096
"DOM_E",99.265,0.795,11.438,1.362,15.364,0.25,6.323,0.629,169.409,68.853,8.388,60.256,4.037,47.373,5.006,35.543,40.084,86.55,41.503,20.27,103.512,14.588,21.977,46.822,2.232,13.943,55.959,51.956,204.434,48.672,139.171,27.861,7.202,2.959,4.376,2.28,246.094,4.664,2.631,1.388,11.897,22.334,15.222,15.248,135.434,166.729,37.239,12.589,34.279,0,826.149,7.161,580.513,0.245,0.002,0,0.017,0.391,0,3590.871
"DOM_F",221.406,16.356,36.507,4.124,34.393,0.478,12.756,3.229,78.203,63.865,10.178,15.022,4.754,32.417,3.543,38.048,51.222,14.172,8.094,44.392,148.105,28.222,40.151,85.496,7.334,16.269,224.44,255.514,101.482,5445.179,426.707,140.222,15.94,11.107,37.207,6.959,257.69,19.252,59.265,5.274,46.15,682.26,186.558,42.001,520.411,319.964,70.695,19.799,50.018,0,129.384,4.495,36.533,29749.095,0.004,0,0.031,0.512,0,39882.884
"DOM_G",3313.113,41.626,542.756,14.387,167.972,3.17,77.641,8.476,8154.25,3111.153,196.893,484.482,302.296,1969.767,324.564,1796.118,726.554,364.729,104.544,656.432,5148.194,703.008,924.032,2688.221,107.436,403.573,2511.722,661.148,65.119,2096.226,1586.221,2250.046,615.847,1276.065,54.482,36.351,3147.488,112.778,52.255,25.371,69.396,54.137,157.085,320.778,331.357,364.066,318.994,57.875,195.015,0,28686.982,9.632,611.105,8569.435,0.02,0,429.04,31507.056,0,118508.479
"DOM_H49",418.52,23.907,64.477,13.171,150.531,1.362,68.864,5.252,1203.731,405.859,87.139,124.409,220.043,338.859,34.64,285.124,324.463,111.509,36.834,171.903,1110.927,165.164,226.594,598.215,19.636,84.519,546.349,413.094,20.805,476.011,1308.828,1068.871,70.531,95.335,80.289,73.757,315.937,50.707,18.388,7.975,38.641,16.281,62.687,121.946,117.812,186.31,57.663,15.969,62.038,0,5074.691,1.63,355.737,1122.936,0,0,1224.732,5480.008,0,24781.608
"DOM_H50",94.759,2.708,19.571,1.371,34.203,0.16,6.305,0.554,238.094,109.791,12.814,29.692,190.014,124.903,10.862,92.163,59.56,42.641,16.381,65.08,375.478,58.041,77.208,174.949,10.924,30.276,142.242,284.131,3.09,130.518,92.183,54.417,260.923,25.973,9.149,1.213,74.253,6.694,2.901,1.121,2.263,2.929,8.601,14.801,12.353,14.017,9.678,2.017,7.267,0,834.019,0.298,23.227,353.822,0,0,1083.939,4750.335,0,10086.875
"DOM_H51",90.677,1.866,11.791,1.512,45.65,0.172,6.231,0.667,200.247,131.83,11.749,33.786,254.625,153.522,14.327,110.498,61.44,43.346,19.871,68.647,458.955,67.981,87.715,194.458,13.868,30.703,154.744,370.339,3.88,127.72,94.746,39.206,14.162,168.891,8.561,6.836,68.493,8.41,4.966,2.889,12.671,4.428,13.769,94.058,26.426,24.183,13.875,3.56,12.074,0,782.203,0.279,25.598,1192.131,0,0,694.849,6293.381,0,12383.463
"DOM_H52",70.54,4.368,32.324,3.259,28.97,0.328,9.806,1.613,244.722,94.166,19.667,28.949,19.856,58.326,7.415,46.534,45.667,13.049,5.279,25.929,191.067,31.912,38.636,174.43,3.144,18.037,111.873,39.611,5.23,70.388,897.772,607.726,436.923,696.069,162.118,19.111,55.458,9.015,9.681,3.561,8.007,2.785,16.707,47.948,34.845,13.636,4.257,4.719,11.565,0,179.642,2.841,4.817,78.333,0,0,2.967,484.753,0,5240.355
"DOM_H53",31.066,0.842,5.353,0.643,6.436,0.053,1.872,0.441,29.054,46.557,4.797,11.404,0.418,10.395,3.373,13.784,7.361,1.423,0.837,6.958,72.587,9.589,21.216,35.259,1.247,5.691,47.941,25.743,7.799,28.47,563.112,43.049,5.006,12.243,12.702,356.368,110.772,49.796,49.256,10.329,159.398,15.118,47.162,54.603,140.752,86.157,35.605,10.352,58.95,0,276.845,0,21.591,0.157,4.546,0,22.674,503.893,0,3089.046
"DOM_I",77.826,9.467,20.76,3.2,69.465,1.451,22.359,2.993,270.018,295.146,31.284,41.084,7.779,131.304,26.293,151.774,64.276,21.162,11.317,74.813,698.007,116.64,138.386,191.259,10.554,49.888,325.486,95.477,32.158,349.225,1293.635,453.414,142.203,438.604,56.614,26.793,869.18,131.731,74.45,75.993,292.113,55.598,308.701,1419.546,573.992,783.451,341.018,122.988,318.67,0,27450.313,89.148,3500.061,0.197,0,0,3120.387,0.18,0,45279.833
"DOM_J58T60",5.883,0.479,1.566,0.102,4.085,0.026,0.892,0.14,73.714,22.864,2.385,10.042,0.417,15.212,5.292,9.579,5.482,1.19,0.884,3.266,65.121,13.088,9.656,26.03,1.066,8.974,48.446,8.472,2.969,14.866,219.658,29.108,4.186,17.578,3.157,2.95,199.668,2241.635,231.722,32.594,34.985,16.298,566.417,74.009,63.663,157.235,19.495,67.519,57.265,0,1272.392,21.928,701.686,578.516,0,0,33.88,256.324,0,7266.054
"DOM_J61",29.814,2.364,14.543,1.698,30.364,0.112,5.259,0.795,70.731,97.059,10.648,17.794,2.002,20.989,9.505,32.032,19.167,4.11,3.277,20.518,334.351,33.197,56.168,123.803,2.863,15.332,135.829,35.529,10.164,102.405,545.683,108.036,23.999,33.426,14.435,18.061,273.42,104.103,853.185,53.062,184.388,44.69,97.238,152.245,232.632,145.534,54.909,23.451,93.268,0,3699.358,0.561,75.08,13.413,0,0,482.9,1875.405,0,10444.901
"DOM_J62_63",5.254,0.377,1.891,0.419,8.029,0.045,1.827,0.229,43.034,30.806,2.892,8.066,0.956,15.031,5.279,13.383,9.426,2.444,1.356,8.277,174.869,17.56,18.26,30.876,1.547,7.97,48.336,24.924,6.507,34.635,179.379,25.605,10.048,18.619,5.661,5.983,48.514,34.364,48.642,126.811,85.592,11.219,51.137,48.862,68.915,60.252,12.359,6.141,19.081,0,80.016,1.435,53.511,2486.801,0,0,0.349,768.67,0,4782.47
"DOM_K",936.406,27.433,166.567,12.056,408.944,2.796,47.908,16.97,1455.187,963.896,99.194,233.684,75.579,439.833,84.837,499.735,302.978,94.022,65.186,233.122,2809.905,398.826,438.289,872.936,39.116,161.772,1225.452,658.889,124.923,950.366,3595.828,896.601,245.047,471.745,95.554,49.125,1127.223,163.374,214.406,92.817,4308.477,1589.774,450.446,752.798,754.515,511.534,151.622,114.366,374.748,0,11468.313,33.227,423.108,101.135,0,0,110.86,1705.523,0,43648.975
"DOM_L",3.978,0.398,1.145,0.209,5.019,0.026,1.146,0.163,26.498,32.414,2.129,4.543,0.522,5.468,1.544,8.959,5.1,1.253,0.879,6.724,64.072,7.453,8.736,21.02,1.463,3.332,41.408,6.247,1.195,30.714,271.807,22.444,5.176,6.614,6.197,2.936,147.217,12.393,13.824,7.847,28.364,30.61,20.391,27.332,24.979,42.665,15.427,7.785,22.024,0,13308.283,34.285,159.627,653.476,0,0,540.555,1748.596,0,17454.611
"DOM_M",107.206,2.261,14.102,2.951,73.342,0.516,14.586,6.16,461.046,232.202,17.145,41.937,7.554,110.762,37.927,124.411,69.286,18.317,8.497,59.317,1327.904,91.496,114.686,418.163,13.037,59.139,305.327,126.065,26.681,485.129,1029.909,110.912,37.765,61.813,24.909,7.819,352.043,130.931,100.049,51.896,221.723,100.94,434.447,204.837,227.461,199.058,57.136,35.51,104.497,0,450.86,23.612,1642.433,760.771,2.319,0,0.307,1485.664,0,12236.774
"DOM_N",90.967,5.109,18.627,3.897,103.846,0.71,21.598,4.416,217.928,137.696,15.052,34.566,4.759,65.058,18.239,78.44,58.419,9.504,5.773,40.544,524.64,63.352,89.227,218.203,8.41,41.922,212.186,78.82,27.696,280.305,627.921,228.874,140.88,240.794,33.688,18.3,292.043,92.924,81.117,44.062,121.72,65.422,115.76,596.203,192.502,255.313,60.217,40.162,65.256,0,2065.326,6.735,277.049,118.375,0,0,429.188,4251.168,0,12940.909
"DOM_O",24.645,0.992,2.694,0.434,3.51,0.062,1.434,0.385,41.235,30.589,4.584,6.768,0.641,10.493,3.68,13.219,6.451,1.875,1.909,9.993,47.717,11.061,13.343,40.292,1.438,6.327,36.043,23.153,7.458,54.593,99.063,57.62,7.138,8.763,3.423,2.019,36.062,6.877,10.317,2.84,20.825,16.612,17.195,15.952,87.636,33.344,9.11,6.147,12.055,0,0.773,13.892,32757.853,0.156,0,0,0.09,0.514,0,33633.292
"DOM_P",2.765,0.195,0.725,0.023,1.559,0.015,0.48,0.061,6.113,3.287,0.368,0.72,0.333,1.818,1.087,1.788,1.607,0.66,0.512,1.644,28.921,3.683,3.9,5.44,0.476,2.573,8.455,3.492,1.349,5.47,17.997,5.936,1.875,7.103,1.029,0.356,5.19,2.597,5.805,3.583,10.611,1.748,8.394,7.891,33.517,179.627,5.491,2.3,5.037,0,689.097,441.163,25220.699,0.187,0,0,1.263,0.279,0,26748.297
"DOM_Q",1.55,0.152,0.729,0.131,0.634,0.008,0.06,0.025,5.474,2.946,0.229,0.71,0.076,1.232,0.54,2.307,1.968,0.169,0.169,1.591,12.489,1.56,1.516,3.848,0.247,0.557,5.181,1.158,0.577,3.663,12.441,4.563,0.309,0.932,0.246,0.302,9.332,1.161,0.587,0.551,3.044,0.51,3.193,3.011,12.437,12.162,69.79,1.128,3.854,0,2000.919,497.502,13361.394,0.144,0,0,457.759,0.246,0,16509.011
"DOM_R",4.867,0.596,1.593,0.173,2.258,0.038,1.189,0.012,22.094,12.589,1.03,3.748,0.245,4.609,0.617,5.948,5.089,0.501,0.476,3.142,31.88,2.891,6.442,21.689,1.365,2.276,30.019,5.569,1.544,16.314,98.432,12.867,5.106,5.216,1.538,1.159,213.286,363.647,6.394,3.277,12.48,3.862,40.479,70.722,84.679,100.762,13.989,252.227,72.687,0,653.981,1424.622,505.053,0.168,0.05,0,136.601,24.574,0,4298.663
"DOM_S",18.009,2.16,21.758,1.127,24.674,0.279,6.99,1.118,83.09,97.914,7.1,10.707,1.196,14.431,3.346,22.809,22.842,5.689,1.976,20.723,235.146,14.279,16.282,43.321,1.878,7.97,89.345,13.94,12.731,53.148,248.178,56.949,16.51,31.765,6.518,5.651,246.823,28.077,43.351,24.276,103.17,20.461,54.43,71.177,75.001,128.291,61.573,19.6,188.614,0,4162.643,1453.066,55.703,34.072,0.01,0,1012.954,0.405,0,9005.247
"DOM_T",0,0,0,0,0,0,0,0,0,0,0,0,0,0,0,0,0,0,0,0,0,0,0,0,0,0,0,0,0,0,0,0,0,0,0,0,0,0,0,0,0,0,0,0,0,0,0,0,0,0,731.44,0,0,0,0,0,0,0,0,731.44
"IMP_A01",522.214,3.28,7.169,0.017,0.276,0.002,0.123,0.014,1567.161,70.871,3.271,0.592,0.265,7.9,1.539,7.878,0.408,0.083,0.046,0.188,2.731,0.324,0.544,1.197,0.054,0.167,6.536,1.436,0.164,3.127,22.622,1.088,0.477,0.344,0.157,0.047,164.384,0.307,0.132,0.092,0.26,0.254,1.044,1.09,2.435,4.015,4.772,0.608,2.234,0,1332.815,0.385,28.531,9.856,0.925,44.753,0,0,0,3833.204
"IMP_A02",11.222,24.82,0.352,0.053,0.08,0.001,0.052,0.001,14.169,1.9,87.883,5.952,0.029,0.779,0.047,6.375,0.31,0.028,0.018,0.035,0.182,0.034,0.069,0.119,0.016,0.017,21.718,2.723,0.009,1.874,2.7,0.089,0.03,0.024,0.011,0.006,2.982,0.042,0.017,0.01,0.015,0.042,0.042,0.054,0.45,0.33,0.145,0.087,0.174,0,70.589,0.741,0.14,0.197,0.062,0.581,0,0,0,260.428
"IMP_A03",2.1,0.016,14,0.003,0.037,0,0.016,0.001,55.207,0.434,0.038,0.067,0.052,0.67,0.044,0.58,0.083,0.018,0.01,0.035,0.386,0.052,0.05,0.158,0.166,0.055,0.283,0.09,0.011,0.099,0.666,0.117,0.366,0.039,0.02,0.007,13.535,0.03,0.008,0.006,0.014,0.013,0.029,0.044,0.179,0.175,0.155,0.024,0.068,0,64.796,0.032,0.537,0.616,0.182,2.525,0,0,0,158.946
"IMP_B05",5.531,0.122,0.079,11.52,5.368,0.195,4.921,0.621,16.296,11.839,0.74,6.801,23.743,34.793,0.203,6.331,89.198,128.964,17.593,0.598,3.109,1.497,1.643,2.844,0.326,1.262,2.289,958.949,0.346,19.811,3.227,2.466,0.094,0.144,0.144,0.028,3.299,0.063,0.079,0.023,0.048,0.482,0.247,0.166,2.919,4.582,0.323,0.036,1.655,0,1.154,0.001,0.065,0.561,0.126,0.098,0,0,0,1379.563
"IMP_B06",31.288,0.302,3.832,42.104,1757.969,3.123,164.221,18.009,576.621,190.331,33.963,228.633,13970.553,3411.226,8.463,329.719,1311.918,506.841,289.943,161.565,184.645,41.124,67.582,221.71,10.159,46.576,316.276,18801.501,29.94,169.392,456.604,133.156,10.857,7.59,25.355,6.518,76.173,6.95,3.043,3.052,9.056,27.509,43.704,26.186,101.551,86.614,9.252,3.739,13.623,0,10.495,0.016,1.195,8.37,1.702,1.583,0,0,0,44003.424
"IMP_B07",0.715,0.017,0.048,0.18,1.402,0.413,2.566,0.158,3.532,1.575,0.335,0.457,0.83,9.593,0.188,3.655,14.778,57.55,90.341,28.98,98.023,33.797,19.52,41.766,0.929,6.394,38.652,3.63,0.523,15.985,2.286,0.488,0.131,0.094,0.057,0.016,0.546,0.067,0.041,0.025,0.085,0.162,0.344,0.139,0.229,0.195,0.069,0.051,0.251,0,0.968,0.004,0.34,0.327,0.018,0.31,0,0,0,483.771
"IMP_B08",6.466,0.066,0.6,0.187,1.764,0.051,13.898,0.221,5.605,3.86,0.266,1.422,1.601,21.581,0.35,7.117,123.994,7.082,2.359,1.039,4.689,1.13,0.968,1.968,0.089,0.201,7.27,5.885,0.358,83.802,1.174,0.606,0.496,0.16,0.06,0.016,0.872,0.087,0.021,0.014,0.033,0.487,0.211,0.235,0.748,0.288,0.133,0.041,0.313,0,5.413,0.004,0.219,1.633,0.364,0.309,0,0,0,319.828
"IMP_B09",0.636,0.01,2.234,1.517,92.972,0.181,12.412,5.316,2.062,0.641,0.136,1.061,34.159,7.91,0.047,1.444,9.237,1.888,1.178,0.54,1.132,0.234,0.42,0.926,0.042,0.182,1.168,50.213,0.13,7.313,1.643,1.161,0.35,0.464,0.166,0.069,0.421,0.132,0.033,0.021,0.073,0.144,0.377,0.137,0.399,0.342,0.055,0.024,0.082,0,1.13,0.004,6.613,59.887,0.15,0.177,0,0,0,311.398
"IMP_C10T12",634.87,0.399,62.801,0.096,1.255,0.018,0.966,0.061,1708.811,55.286,1.611,6.988,1.745,61.333,7.224,31.248,6.252,0.951,0.632,2.479,25.121,3.208,3.733,9.472,0.52,1.295,24.552,3.515,0.858,8.284,65.639,3.966,4.712,1.963,0.677,0.303,1064.425,3.806,1.12,0.799,1.912,1.648,2.997,3.494,12.077,32.416,21.564,5.751,7.924,0,6550.796,4.12,50.942,10.175,5.623,144.764,0,0,0,10669.197
"IMP_C13T15",11.503,0.385,13.584,0.176,1.794,0.031,0.685,0.081,14.198,3129.028,2.959,16.525,0.817,21.459,1.717,54.191,10.643,0.96,0.49,4.309,44.152,5.194,8.171,99.78,1.809,5.205,316.929,2.547,0.825,17.874,44.527,3.337,0.815,1.394,0.506,0.689,47.462,1.774,0.601,0.32,0.885,0.921,3.658,6.805,15.047,11.521,9.407,4.531,17.121,0,1934.295,0.56,18.613,56.377,21.477,46.275,0,0,0,6036.938
"IMP_C16",5.095,0.64,0.508,0.08,0.356,0.008,0.255,0.018,9.717,6.725,81.32,8.228,0.164,4.698,0.324,6.095,5.745,0.257,0.266,2.443,11.429,2.533,2.708,13.712,1.411,1.188,232.021,1.664,0.155,93.937,8.171,1.283,0.162,0.212,0.371,0.034,5.23,0.557,0.138,0.073,0.224,1.9,1.114,0.896,0.626,1.654,0.781,0.235,2.52,0,99.724,0.012,0.733,23.212,6.711,5.601,0,0,0,655.876
"IMP_C17_18",21.857,0.29,5.567,0.068,2.025,0.043,0.768,0.089,385.377,99.321,15.28,798.184,0.556,44.58,15.772,66.109,49.913,1.763,1.876,13.673,172.287,24.516,24.186,51.725,0.83,5.415,205.418,5.149,1.583,27.118,139.162,11.575,4.068,2.427,2.316,3.31,69.627,81.031,4.678,8.41,17.256,2.995,26.069,30.157,32.97,80.412,16.838,4.176,19.132,0,178.492,0.065,43.681,11.003,3.02,18.869,0,0,0,2853.079
"IMP_C19",183.308,5.978,81.85,2.608,29.026,0.583,16.035,1.764,105.958,90.654,15.133,24.786,84.571,298.458,8.356,145.053,64.556,25.989,6.969,15.773,97.797,25.75,21.136,82.6,2.359,7.469,111.957,155.337,9.215,110.667,198.78,566.599,180.71,390.91,12.702,7.645,54.215,6.612,4.869,2.747,10.584,4.483,14.675,35.6,47.495,31.786,12.246,4.886,20.753,0,780.05,0.171,17.171,20.893,7.725,32.72,0,0,0,4298.724
"IMP_C20",1868.471,4.404,25.337,5.687,47.981,1.479,39.269,2.849,626.434,2089.759,147.312,376.57,50.881,4371.013,207.431,4441.613,388.366,41.085,33.226,140.294,1817.912,260.063,166.807,760.616,34.85,58.609,1465.03,33.134,49.854,363.475,175.754,33.043,11.405,14.446,6.934,1.139,192.097,40.676,2.209,5.24,5.534,25.651,72.509,36.591,36.851,88.144,71.834,9.451,150.933,0,2172.212,1.362,41.233,22.166,12.033,13.935,0,0,0,23163.193
"IMP_C21",115.101,0.096,5.8,0.25,3.11,0.081,0.821,0.055,67.806,25.924,1.413,3.107,1.003,57.798,327.166,29.186,3.179,0.767,0.496,1.609,25.378,2.401,6.568,7.985,0.398,1.153,47.733,2.71,1.7,5.688,19.646,3.964,1.662,1.799,0.349,0.254,4.719,1.284,0.326,0.224,0.759,0.656,20.734,2.528,41.978,23.219,229.291,3.475,11.492,0,1388.08,1.453,252.228,15.378,6.933,8.684,0,0,0,2787.598
"IMP_C22",80.154,1.298,12.172,1.273,12.201,0.163,4.458,0.383,503.989,281.729,21.018,64.702,1.795,124.15,24.021,1000.147,46.973,3.958,4.797,51.46,879.597,162.658,147.163,908.547,7.767,64.293,524.188,5.979,8.815,320.052,271.745,94.748,6.474,5.079,3.509,1.486,38.774,7.787,2.587,1,4.232,8.78,14.001,17.944,10.142,19.17,8.028,2.498,13.96,0,1223.132,0.05,3.059,141.669,43.153,1.722,0,0,0,7214.63
"IMP_C23",18.548,0.269,0.726,0.202,4.258,0.111,3.485,0.147,78.264,18.034,6.924,2.088,1.127,19.56,3.897,39.181,339.875,10.997,3.197,14.125,201.773,25.804,16.391,95.258,2.947,5.238,70.875,5.189,2.703,832.553,21.545,3.792,2.436,0.532,0.571,0.143,19.963,0.434,0.394,0.13,0.755,14.438,4.964,1.641,3.322,9.698,1.617,0.617,4.605,0,174.117,0.022,2.949,156.709,44.26,1.198,0,0,0,2294.6
"IMP_C24A",17.349,0.626,1.625,2.909,79.607,0.501,3.372,1.048,26.181,27.514,14.164,6.695,1.606,17.752,1.217,140.5,115.087,1350.269,55.493,2015.455,1306.087,459.48,1661.133,2722.967,122.489,464.427,815.21,26.137,21.683,1277.674,66.07,11.889,6.16,0.77,2.784,0.141,2.637,0.325,0.243,0.102,0.568,7.193,23.754,4.01,4.492,6.706,0.796,1.343,4.586,0,3.825,0.005,0.274,8.381,2.141,0.23,0,0,0,12915.68
"IMP_C24B",10.708,0.351,0.709,0.211,9.817,0.118,1.181,0.116,63.354,35.17,7.999,10.059,0.966,93.75,3.849,82.153,34.607,144.513,763.795,644.049,2403.358,824.099,466.321,1015.35,22.937,157.362,964.149,9.999,11.911,220.39,45.941,5.567,2.45,0.624,0.719,0.124,9.652,1.085,0.431,0.23,1.102,2.776,6.498,1.88,3.897,6.248,2.973,1.396,5.279,0,114.944,0.026,7.313,57.531,16.444,0.334,0,0,0,8298.818
"IMP_C25",58.872,2.341,6.683,3.736,43.567,0.461,7.437,1.995,277.025,79.436,41.521,14.122,2.708,64.171,5.558,116.757,62.671,58.884,18.56,663.992,1036.436,239.187,793.295,1326.976,71.172,188.336,754.237,21.535,6.808,995.88,121.288,19.547,7.21,2.659,3.059,0.421,38.371,2.566,3.943,1.206,1.546,16.573,29.195,19.196,47.72,18.913,4.003,2.662,16.616,0,749.818,0.048,6.621,1585.72,445.563,2.143,0,0,0,10110.964
"IMP_C26",14.279,0.329,2.212,0.294,6.344,0.055,1.098,0.213,18.847,29.887,2.139,7.033,1.778,30.679,3.02,33.111,8.251,3.761,1.937,22.331,15231.041,278.444,181.001,296.945,18.465,40.184,198.144,21.818,5.335,87.187,111.638,10.29,5.816,11.506,2.612,1.972,21.714,21.388,84.683,30.072,12.214,2.803,43.213,16.886,27.785,43.051,16.572,3.951,21.036,0,5265.364,2.003,647.991,10720.39,2981.74,11.358,0,0,0,36664.206
"IMP_C27",18.165,0.374,5.893,0.892,6.974,0.204,4.986,0.759,28.424,14.958,2.822,7.916,1.124,15.705,2.119,29.921,15.147,6.101,5.53,46.586,3192.169,1508.558,400.008,1208.827,19.458,105.121,349.836,149.817,5.95,594.649,174.176,37.061,13.041,7.268,2.818,0.895,47.715,9.633,43.163,7.493,3.575,6.517,41.083,20.119,34.175,24.97,9.159,7.632,22.329,0,1142.91,0.063,6.193,4553.752,1277.283,5.505,0,0,0,15247.524
"IMP_C28",36.906,3.481,11.729,5.187,58.603,0.667,12.655,2.51,69.217,43.895,9.57,16.865,4.162,29.889,3.331,48.098,58.763,13.923,5.13,56.345,477.944,136.753,1024.67,631.706,40.847,78.485,340.119,47.617,9.027,230.817,105.907,24.028,5.602,5.606,2.697,0.936,9.788,4.062,4.721,2.161,6.003,1.903,20.816,28.061,18.897,14.939,6.566,3.095,7.258,0,73.384,0.658,48.832,7488.335,2094.112,2.242,0,0,0,13489.524
"IMP_C29",3.492,0.736,0.951,0.091,1.814,0.037,0.714,0.093,6.321,4.816,0.706,1.018,0.422,2.723,0.421,6.348,3.999,1.134,1.096,4.934,66.141,17.715,27.529,2368.201,1.3,15.098,23.372,3.435,0.858,16.497,212.164,52.756,3.986,6.052,1.216,0.349,2.313,0.825,0.917,0.478,1.124,0.574,2.875,6.167,3.203,3.114,1.053,0.605,1.256,0,1357.619,0.238,31.736,4989.766,1398.907,9.202,0,0,0,10670.508
"IMP_C301",0.308,0.024,14.67,0.015,1.651,0.007,0.126,0.005,0.809,0.232,0.085,0.061,0.019,0.187,0.018,0.392,0.167,0.146,0.052,1.382,9.31,1.042,6.931,23.004,512.45,128.825,36.572,0.22,0.057,2.061,3.075,8.226,213.196,51.206,1.708,0.04,0.261,0.025,0.02,0.01,0.083,0.044,0.393,1.224,28.089,0.409,0.045,0.189,0.749,0,10.446,0.002,0.139,1653.391,462.715,0.025,0,0,0,3176.54
"IMP_C302T309",0.485,0.121,3.533,0.043,0.242,0.005,0.055,0.015,1.326,0.567,0.115,0.16,0.072,0.534,0.06,0.788,0.325,0.657,0.139,2.112,13.877,2.336,4.554,87.908,12.353,479.731,30.926,0.331,0.069,2.482,11.943,30.078,7.793,66.511,0.599,0.067,0.356,0.091,0.101,0.098,0.144,0.081,0.512,2.436,12.181,0.535,0.264,0.097,0.752,0,208.125,0.046,5.187,769.128,215.32,0.169,0,0,0,1978.534
"IMP_C31T33",17.338,0.866,8.198,0.299,8.95,0.072,2.106,0.333,28.168,84.414,4.255,6.993,1.294,15.839,4.303,16.556,8.962,4.477,1.929,9.949,239.124,19.444,24.558,58.687,5.89,12.902,770.317,12.121,4.213,68.594,51.012,20.995,7.07,16.112,2.317,1.409,41.397,4.712,4.239,2.014,9.852,3.994,15.345,16.146,24.379,74.852,31.265,10.662,21.291,0,1447.659,0.299,101.9,757.772,204.015,41.86,0,0,0,4353.719
"IMP_D",43.393,0.617,6.34,1.395,24.081,0.252,7.128,0.294,85.793,67.477,6.441,22.467,24.15,53.82,3.14,42.993,42.75,16.949,7.544,15.299,116.543,13.823,16.674,51.301,1.696,7.357,41.465,202.431,14.604,16.392,86.745,33.5,1.469,1.976,2.696,1.324,98.12,5.315,7.817,1.75,6.777,9.365,7.545,8.647,23.933,48.378,13.418,5.77,15.252,0,275.834,0.111,14.574,9.136,1.654,2.499,0,0,0,1638.213
"IMP_E",1.14,0.01,0.072,0.011,0.279,0.002,0.061,0.01,1.612,1.25,0.104,0.29,0.923,1.917,0.145,1.836,0.482,0.219,0.076,0.395,2.949,0.489,0.593,1.359,0.064,0.211,1.282,1.459,0.078,1.2,1.499,0.339,0.114,0.164,0.068,0.026,1.039,0.157,0.136,0.082,0.257,0.187,0.447,0.329,0.463,0.519,0.168,0.075,0.21,0,6.074,0.024,1.175,2.455,0.507,0.893,0,0,0,37.924
"IMP_F",2.042,0.101,0.272,0.061,1.144,0.008,0.309,0.058,5,3.543,0.612,0.702,1.999,2.548,0.448,3.504,2.532,0.729,0.387,2.432,13.767,2.22,3.698,8.172,0.35,1.123,6.495,4.174,0.251,8.537,6.919,2.334,0.999,1.405,0.377,0.144,2.511,0.715,1.068,0.442,0.977,0.593,1.903,1.289,1.657,1.503,0.594,0.229,0.65,0,23.792,0.154,4.22,18.029,3.224,15.306,0,0,0,168.251
"IMP_G",684.236,6.353,49.879,5.768,91.781,0.849,23.246,2.576,1020.733,1108.235,67.867,240.436,362.414,1060.278,167.195,1093.535,244.657,216.568,67.337,402.474,4052.536,431.949,618.887,1520.858,101.603,212.015,1073.888,602.261,23.778,668.854,513.089,174.773,107.159,118.353,14.986,5.873,373.061,83.512,36.064,14.036,23.884,20.658,79.218,67.525,82.935,114.877,121.497,16.032,69.196,0,5100.296,3.474,273.362,4837.634,1340.91,257.223,0,0,0,30072.678
"IMP_H49",91.812,6.21,9.345,3.855,47.57,0.387,19.081,1.488,236.241,119.939,24.139,41.484,103.966,116.612,11.576,102.984,93.284,50.337,13.984,78.855,465.559,73.592,103.305,238.512,7.967,36.415,201.63,183.342,6.165,151.71,355.421,260.509,17.972,18.5,22.471,19.299,60.292,23.787,6.936,2.623,10.892,4.787,21.286,34.962,32.486,52.708,17.102,4.863,18.039,0,1313.054,0.575,105.123,407.268,113.625,337.083,0,0,0,5903.007
"IMP_H50",24.872,8.641,34.844,0.975,38.368,0.13,10.691,0.428,75.265,57.94,12.095,17.249,46.967,58.428,3.368,47.728,27.429,19.451,6.547,25.05,256.374,30.794,31.887,64.893,3.725,10.132,61.713,69.124,1.293,40.682,325.144,99.785,1380.521,10.936,51.001,3.125,13.114,9.009,2.922,1.23,2.717,0.954,12.261,60.994,13.567,7.975,2.499,1.957,4.131,0,1377.887,0.145,10.949,187.727,51.857,75.421,0,0,0,4794.912
"IMP_H51",32.103,5.45,6.144,0.601,80.461,0.113,7.863,0.82,76.333,84.379,7.734,16.513,3.109,27.716,9.737,31.549,27.473,4.316,2.996,10.591,223.94,48.976,49.017,46.963,1.971,20.019,110.82,14.376,5.417,73.161,501.654,61.516,19.967,1245.837,73.343,62.706,71.249,31.066,20.672,18.411,111.632,15.501,63.837,912.684,157.896,108.526,30.271,18.8,48.162,0,2002.102,0.101,6.763,50.247,13.908,223.957,0,0,0,6901.469
"IMP_H52",36.129,2.288,14.024,1.729,19.608,0.175,5.655,0.829,106.925,55.369,10.455,18.361,40.719,49.496,5.378,40.304,28.709,14.528,4.84,25.042,175.615,27.091,35.154,113.308,4.912,14.144,77.13,65.362,2.955,48.243,415.878,272.103,213.237,304.933,71.144,9.45,25.152,9.227,5.686,2.092,5.277,1.93,10.87,30.456,18.961,10.398,3.876,2.695,7.035,0,175.394,1.396,10.219,131.633,36.266,19.947,0,0,0,2839.734
"IMP_H53",2.033,0.067,0.331,0.044,0.588,0.004,0.157,0.029,2.598,3.015,0.328,0.757,0.155,1.012,0.245,1.193,0.646,0.157,0.085,0.53,6.255,0.752,1.409,2.579,0.092,0.42,3.232,1.654,0.434,1.969,30.789,3.132,0.551,2.844,0.878,17.758,6.22,2.709,2.797,0.611,8.515,0.882,2.697,4.356,7.554,4.77,1.931,0.588,3.166,0,22.129,0.017,1.81,1.755,0.26,7.726,0,0,0,169.215
"IMP_I",1.163,0.018,0.122,0.009,0.242,0.001,0.042,0.006,2.777,1.036,0.111,0.289,0.873,0.972,0.188,0.802,0.292,0.153,0.07,0.307,3.027,0.345,0.478,1.038,0.046,0.159,1.295,1.344,0.053,0.733,2.093,0.546,0.205,0.375,0.08,0.034,2.205,8.132,1.059,0.159,0.378,0.247,2.169,0.563,0.511,0.673,0.247,0.331,0.326,0,15.183,0.278,3.265,4.179,0.609,1876.402,0,0,0,1938.238
"IMP_J58T60",5.678,0.308,1.069,0.098,3.167,0.024,0.693,0.12,54.511,18.366,1.752,7.429,1.029,12.802,4.513,9.747,4.25,1.121,0.667,3.092,61.432,9.272,8.071,24.234,0.895,6.283,33.366,6.577,1.788,12.067,137.796,16.843,3.107,10.772,1.923,1.718,105.207,1057.305,114.734,17.683,22.412,9.386,279.519,42.626,35.013,84.88,11.117,33.336,30.727,0,693.407,11.224,358.839,320.244,7.329,25.626,0,0,0,3727.193
"IMP_J61",16.019,1.216,7.501,0.883,15.863,0.059,2.75,0.417,38.034,50.864,5.547,9.474,1.257,11.836,5.131,17.548,10.17,2.258,1.748,10.92,182.594,17.678,29.647,65.413,1.551,8.236,71.212,18.88,5.278,53.776,280.654,55.41,12.469,17.482,7.413,9.173,140.422,55.398,415.679,27.374,94.65,23.002,50.764,78.18,119.063,74.807,28.275,12.095,47.864,0,1987.587,0.36,43.638,14.729,1.8,96.4,0,0,0,4358.447
"IMP_J62_63",7.623,0.287,1.407,0.269,5.545,0.038,1.251,0.187,46.047,24.969,2.198,6.706,1.956,15.86,5.155,14.719,6.814,1.825,0.973,5.807,171.271,12.938,13.556,32.208,1.819,6.386,36.662,15.658,3.522,23.155,127.897,16.351,6.478,13.044,3.364,3.187,36.285,26.027,29.473,58.986,46.528,7.538,34.283,33.158,37.67,38.022,8.049,4.438,13.061,0,124.39,1.229,58.489,1209.569,14.598,7.728,0,0,0,2426.65
"IMP_K",178.181,5.305,31.374,2.433,80.86,0.569,9.764,3.319,289.531,189.994,19.262,46.836,9.556,88.94,16.897,98.176,60.154,18.688,12.694,45.965,573.271,80.063,86.108,179.116,7.677,32.087,247.287,124.497,24.907,190.189,739.957,168.616,46.828,94.792,18.788,9.748,226.661,34.193,44.043,19.809,1174.408,312.06,94.552,149.458,154.336,104.888,30.74,22.766,74.363,0,2009.795,6.285,102.827,30.065,0.82,92.152,0,0,0,8516.652
"IMP_L",2.276,0.177,0.562,0.139,4.005,0.016,0.686,0.102,12.612,13.778,0.992,2.264,13.344,6.024,0.751,4.533,3.61,1.094,0.666,3.095,31.297,3.405,4.1,10.286,0.641,1.618,17.757,20.638,0.634,13.704,108.014,10.065,2.766,3.931,2.688,1.206,57.153,5.323,5.656,3.218,15.518,12.028,9.041,11.519,10.677,17.341,6.15,3.131,8.79,0,906.468,13.137,64.842,251.795,0.42,400.268,0,0,0,2105.953
"IMP_M",209.939,2.497,17.943,3.001,72.23,0.626,15.22,5.052,556.363,284.953,20.886,50.964,8.923,129.097,44.121,149.232,80.207,20.692,9.441,65.989,1560.22,114.333,137.039,480.665,22.986,71.075,356.544,142.848,27.959,397.342,1227.795,123.609,45.596,74.807,28.133,10.119,411.835,167.886,112.473,65.865,269.919,107.22,412.268,253.298,236.991,263.066,68.674,44.774,126.06,0,737.464,25.813,1287.745,807.351,13.33,42.857,0,0,0,12023.337
"IMP_N",60.022,2.872,11.291,2.27,70.793,0.463,13.373,2.73,184.866,112.286,13.6,31.149,5.275,50.89,16.328,71.92,46.642,8.843,5.075,33.806,390.449,56.364,76.881,177.162,7.667,35.687,189.677,86.124,26.296,185.848,580.413,137.347,65.47,116.058,32.387,15.688,266.246,64.275,69.834,41.828,125.315,79.644,108.081,380.591,204.2,267.81,60.668,38.816,67.633,0,1161.675,4.812,360.034,77.533,2.669,76.369,0,0,0,6382.047
"IMP_O",2.118,0.17,0.19,0.03,0.515,0.004,0.142,0.023,4.81,1.878,0.656,0.528,0.422,1.711,0.311,1.717,0.746,0.263,0.126,0.466,5.877,0.622,0.847,2.04,0.081,0.35,2.431,1.497,0.177,1.97,5.646,2.177,1.407,1.566,0.455,0.134,2.258,1.063,0.522,0.398,0.936,0.494,1.27,1.235,1.228,1.353,0.456,0.224,0.497,0,20.07,0.263,9.846,10.808,0.859,15.147,0,0,0,113.031
"IMP_P",0.707,0.033,0.091,0.015,0.355,0.002,0.076,0.015,1.602,1.471,0.14,0.838,0.117,1.043,0.197,1.196,0.363,0.118,0.048,0.281,3.693,0.469,0.56,1.709,0.062,0.264,1.808,0.41,0.078,0.882,3.262,0.818,0.948,2.275,0.241,0.168,1.016,0.643,0.361,0.415,0.721,0.181,1.395,2.369,0.979,1.007,0.324,0.135,0.351,0,12.891,0.664,78.586,23.384,0.39,340.15,0,0,0,492.318
"IMP_Q",0.858,0.01,0.071,0.008,0.133,0.001,0.033,0.005,1.091,1.968,0.09,0.256,0.098,1.243,0.306,1.391,0.265,0.321,0.075,0.672,11.66,0.767,1.138,1.988,0.09,0.291,2.02,0.253,0.051,1.103,1.086,0.36,0.169,0.289,0.066,0.02,0.619,0.148,0.128,0.074,0.137,0.086,0.259,0.238,0.283,0.371,0.275,0.054,0.159,0,9.703,0.046,4.054,11.738,2.908,85.878,0,0,0,147.409
"IMP_R",0.766,0.034,0.108,0.014,0.275,0.003,0.081,0.008,2.792,1.394,0.124,0.378,0.092,0.802,0.311,0.866,0.394,0.096,0.051,0.349,4.046,0.463,0.714,2.087,0.091,0.27,2.288,0.518,0.116,1.336,6.302,0.877,0.329,0.521,0.136,0.08,8.377,15.468,0.835,0.318,0.935,0.372,2.652,3.258,3.382,4.086,0.755,8.023,2.444,0,7.892,36.031,2.767,3.61,0.5,184.482,0,0,0,315.298
"IMP_S",0.571,0.01,0.053,0.006,0.117,0.001,0.028,0.004,0.98,1.146,0.078,0.262,0.258,0.746,0.183,0.74,0.207,0.094,0.039,0.207,3.545,0.298,0.382,0.815,0.063,0.175,1.02,0.473,0.037,0.557,1.118,0.339,0.17,0.28,0.061,0.02,0.571,0.231,0.123,0.085,0.382,0.089,0.229,0.232,0.264,0.338,0.184,0.056,0.137,0,6.79,0.049,0.85,4.299,0.82,98.313,0,0,0,129.125
"IMP_T",0,0,0,0,0,0,0,0,0,0,0,0,0,0,0,0,0,0,0,0,0,0,0,0,0,0,0,0,0,0,0,0,0,0,0,0,0,0,0,0,0,0,0,0,0,0,0,0,0,0,0,0,0,0,0,0,0,0,0,0
"IMP_OTHER",23.149,0.275,3.485,0.531,13.505,0.072,2.254,0.269,24.49,96.265,3.338,13.273,71.4,64.844,8.799,61.17,19.638,12.745,6.54,22.863,270.117,32.887,37.257,148.959,5.953,14.67,94.653,105.423,2.094,47.239,47.79,19.994,8.594,18.063,2.115,1.11,23.811,8.335,7.202,1.941,7.029,2.945,8.349,12.956,10.358,12.978,8.407,2.027,6.281,0,388.507,0.468,21.224,432.033,118.746,346.328,0,0,0,2725.749
"TXS_INT_FNL",426.377,11.676,124.938,22.519,93.497,2.395,97.202,10.75,650.683,888.518,78.109,235.372,101.168,1620.055,58.824,678.773,745.561,339.184,159.361,349.306,1821.52,303.474,419.707,1218.266,37.376,140.667,1141.009,118.431,42.441,721.128,905.347,796.299,47.871,41.34,38.57,19.117,818.798,60.018,41.719,19.181,56.789,45.07,102.697,151.037,181.987,204.375,88.626,31.25,87.987,0,13422.665,32.915,169.2,5864.55,1547.747,0,509.969,5118.649,0,43062.061
"TTL_INT_FNL",24666.813,457.184,3933.483,295.17,6785.586,45.565,1545.916,203.952,60736.358,38147.245,2395.618,6470.22,22374.067,22008.557,2417.188,18522.245,12041.437,5614.865,2414.361,8819.678,82513.174,9349.155,12090.201,34341.933,1815.486,5171.245,29594.762,40962.312,1737.933,29240.932,29516.052,16221.4,6583.794,10567.752,1317.222,1007.931,27304.872,6067.656,3456.769,1095.328,8306.413,4079.935,5121.51,7633.594,7512.518,8897.919,3755.115,1564.829,3962.727,0,268143.396,4255.649,87654.863,122203.512,20424.384,5025.327,12432.476,300759.415,0,1461585
"VALU",33156.575,325.704,3309.775,244.606,7367.564,70.556,1859.166,1812.608,25976.421,5256.14,1467.247,1732.091,15086.604,9808.916,1573.534,7376.252,3953.395,1635.797,980.271,3560.011,9463.094,5458.425,4536.396,8689.286,962.616,1038.636,5748.385,12237.794,1852.938,10641.959,88992.448,8560.212,3503.082,1815.714,3923.134,2081.116,17974.968,1198.399,6988.134,3687.143,35342.571,13373.403,7115.266,5307.318,26120.782,17850.384,12753.899,2733.835,5042.522,731.44,0,0,0,0,0,0,0,0,0,452278.532
"OUTPUT",57823.389,782.888,7243.258,539.776,14153.15,116.12,3405.083,2016.559,86712.779,43403.385,3862.865,8202.312,37460.671,31817.473,3990.722,25898.497,15994.831,7250.662,3394.632,12379.689,91976.269,14807.58,16626.598,43031.218,2778.101,6209.882,35343.147,53200.107,3590.872,39882.891,118508.5,24781.612,10086.876,12383.465,5240.356,3089.046,45279.839,7266.055,10444.903,4782.471,43648.983,17453.339,12236.776,12940.912,33633.3,26748.303,16509.015,4298.664,9005.249,731.44,0,0,0,0,0,0,0,0,0,1092964.509
